                      :-) GROMACS - gmx mdrun, 2025.2 (-:

Copyright 1991-2025 The GROMACS Authors.
GROMACS is free software; you can redistribute it and/or modify it
under the terms of the GNU Lesser General Public License
as published by the Free Software Foundation; either version 2.1
of the License, or (at your option) any later version.

                         Current GROMACS contributors:
       Mark Abraham           Andrey Alekseenko           Brian Andrews       
      Vladimir Basov              Paul Bauer                Hugh Bird         
      Eliane Briand               Ania Brown              Mahesh Doijade      
      Giacomo Fiorin          Stefan Fleischmann          Sergey Gorelov      
   Gilles Gouaillardet            Alan Gray              M. Eric Irrgang      
   Farzaneh Jalalypour         Petter Johansson          Carsten Kutzner      
    Grzegorz Łazarski         Justin A. Lemkul          Magnus Lundborg      
       Pascal Merz             Vedran Miletić            Dmitry Morozov      
     Lukas Müllender            Julien Nabet             Szilárd Páll      
 Andrea Pasquadibisceglie     Michele Pellegrino         Nicola Piasentin     
     Daniele Rapetti         Muhammad Umair Sadiq         Hubert Santuz       
      Roland Schulz             Michael Shirts           Tatiana Shugaeva     
     Alexey Shvetsov            Philip Turner            Alessandra Villa     
 Sebastian Wingbermühle  

                         Previous GROMACS contributors:
        Emile Apol             Rossen Apostolov           James Barnett       
  Herman J.C. Berendsen         Cathrine Bergh             Par Bjelkmar       
      Christian Blau          Viacheslav Bolnykh            Kevin Boyd        
    Aldert van Buuren          Carlo Camilloni           Rudi van Drunen      
      Anton Feenstra           Oliver Fleetwood            Vytas Gapsys       
       Gaurav Garg             Gerrit Groenhof            Bert de Groot       
      Anca Hamuraru           Vincent Hindriksen          Victor Holanda      
     Aleksei Iupinov              Joe Jordan            Christoph Junghans    
    Prashanth Kanduri        Dimitrios Karkoulis           Peter Kasson       
      Sebastian Kehl           Sebastian Keller             Jiri Kraus        
       Per Larsson              Viveca Lindahl            Erik Marklund       
    Pieter Meulenhoff           Teemu Murtola              Sander Pronk       
      Alfons Sijbers            Balint Soproni         David van der Spoel    
      Peter Tieleman            Carsten Uphoff             Jon Vincent        
     Teemu Virolainen         Christian Wennberg           Maarten Wolf       
      Artem Zhmurov       

                  Coordinated by the GROMACS project leaders:
                           Berk Hess and Erik Lindahl

GROMACS:      gmx mdrun, version 2025.2
Executable:   /usr/local/gromacs/bin/gmx
Data prefix:  /usr/local/gromacs
Working dir:  /home/gtimpano/Scrivania/UGO/ttr_mutations/molecular_dynamics
Process ID:   3781509
Command line:
  gmx mdrun -s /home/gtimpano/Scrivania/UGO/ttr_mutations/molecular_dynamics/trajectories/wt-tetramer.tpr -c /home/gtimpano/Scrivania/UGO/ttr_mutations/molecular_dynamics/topologies/wt-tetramer_md.gro -o /home/gtimpano/Scrivania/UGO/ttr_mutations/molecular_dynamics/trajectories/wt-tetramer.trr -x /home/gtimpano/Scrivania/UGO/ttr_mutations/molecular_dynamics/trajectories/wt-tetramer.xtc -e /home/gtimpano/Scrivania/UGO/ttr_mutations/molecular_dynamics/energies/wt-tetramer_md.edr -g /home/gtimpano/Scrivania/UGO/ttr_mutations/molecular_dynamics/mdp_files/wt-tetramer_md.log -v -ntmpi 1 -nb gpu -pme gpu -pmefft gpu -bonded gpu -update auto

GROMACS version:     2025.2
Precision:           mixed
Memory model:        64 bit
MPI library:         thread_mpi
OpenMP support:      enabled (GMX_OPENMP_MAX_THREADS = 128)
GPU support:         CUDA
NBNxM GPU setup:     super-cluster 2x2x2 / cluster 8 (cluster-pair splitting on)
SIMD instructions:   AVX_512
CPU FFT library:     fftw-3.3.10-sse2-avx-avx2-avx2_128-avx512
GPU FFT library:     cuFFT
Multi-GPU FFT:       none
RDTSCP usage:        enabled
TNG support:         enabled
Hwloc support:       disabled
Tracing support:     disabled
C compiler:          /usr/bin/gcc-12 GNU 12.3.0
C compiler flags:    -fexcess-precision=fast -funroll-all-loops -march=skylake-avx512 -Wno-missing-field-initializers -O3 -DNDEBUG
C++ compiler:        /usr/bin/g++-12 GNU 12.3.0
C++ compiler flags:  -fexcess-precision=fast -funroll-all-loops -march=skylake-avx512 -Wno-missing-field-initializers -Wno-cast-function-type-strict SHELL:-fopenmp -O3 -DNDEBUG
BLAS library:        Internal
LAPACK library:      Internal
CUDA compiler:       /usr/local/cuda-12.9/bin/nvcc nvcc: NVIDIA (R) Cuda compiler driver;Copyright (c) 2005-2025 NVIDIA Corporation;Built on Tue_May_27_02:21:03_PDT_2025;Cuda compilation tools, release 12.9, V12.9.86;Build cuda_12.9.r12.9/compiler.36037853_0
CUDA compiler flags: -O3 -DNDEBUG
CUDA driver:         12.40
CUDA runtime:        12.90


Running on 1 node with total 12 cores, 24 processing units, 1 compatible GPU
Hardware detected on host utente-SBKPF:
  CPU info:
    Vendor: Intel
    Brand:  Intel(R) Xeon(R) w5-3423
    Family: 6   Model: 143   Stepping: 8
    Features: aes apic avx avx2 avx512f avx512cd avx512bw avx512vl avx512bf16 avx512secondFMA clfsh cmov cx8 cx16 f16c fma htt intel lahf mmx msr nonstop_tsc pcid pclmuldq pdcm pdpe1gb popcnt pse rdrnd rdtscp sha sse2 sse3 sse4.1 sse4.2 ssse3 tdt x2apic
    Number of AVX-512 FMA units: 2
  Hardware topology: Basic
    Packages, cores, and logical processors:
    [indices refer to OS logical processors]
      Package  0: [   0  12] [   1  13] [   2  14] [   3  15] [   4  16] [   5  17] [   6  18] [   7  19] [   8  20] [   9  21] [  10  22] [  11  23]
    CPU limit set by OS: -1   Recommended max number of threads: 24
  GPU info:
    Number of GPUs detected: 1
    #0: NVIDIA NVIDIA RTX 4000 Ada Generation, compute cap.: 8.9, ECC:  no, stat: compatible


++++ PLEASE READ AND CITE THE FOLLOWING REFERENCE ++++
M. J. Abraham, T. Murtola, R. Schulz, S. Páll, J. C. Smith, B. Hess, E.
Lindahl
GROMACS: High performance molecular simulations through multi-level
parallelism from laptops to supercomputers
SoftwareX (2015)
DOI: 10.1016/j.softx.2015.06.001
-------- -------- --- Thank You --- -------- --------


++++ PLEASE READ AND CITE THE FOLLOWING REFERENCE ++++
S. Páll, M. J. Abraham, C. Kutzner, B. Hess, E. Lindahl
Tackling Exascale Software Challenges in Molecular Dynamics Simulations with
GROMACS
In S. Markidis & E. Laure (Eds.), Solving Software Challenges for Exascale (2015)
DOI: 10.1007/978-3-319-15976-8_1
-------- -------- --- Thank You --- -------- --------


++++ PLEASE READ AND CITE THE FOLLOWING REFERENCE ++++
S. Pronk, S. Páll, R. Schulz, P. Larsson, P. Bjelkmar, R. Apostolov, M. R.
Shirts, J. C. Smith, P. M. Kasson, D. van der Spoel, B. Hess, E. Lindahl
GROMACS 4.5: a high-throughput and highly parallel open source molecular
simulation toolkit
Bioinformatics (2013)
DOI: 10.1093/bioinformatics/btt055
-------- -------- --- Thank You --- -------- --------


++++ PLEASE READ AND CITE THE FOLLOWING REFERENCE ++++
B. Hess, C. Kutzner, D. van der Spoel, E. Lindahl
GROMACS 4: Algorithms for highly efficient, load-balanced, and scalable
molecular simulation
J. Chem. Theory Comput. (2008)
DOI: 10.1021/ct700301q
-------- -------- --- Thank You --- -------- --------


++++ PLEASE READ AND CITE THE FOLLOWING REFERENCE ++++
D. van der Spoel, E. Lindahl, B. Hess, G. Groenhof, A. E. Mark, H. J. C.
Berendsen
GROMACS: Fast, Flexible and Free
J. Comp. Chem. (2005)
DOI: 10.1002/jcc.20291
-------- -------- --- Thank You --- -------- --------


++++ PLEASE READ AND CITE THE FOLLOWING REFERENCE ++++
E. Lindahl, B. Hess, D. van der Spoel
GROMACS 3.0: A package for molecular simulation and trajectory analysis
J. Mol. Mod. (2001)
DOI: 10.1007/s008940100045
-------- -------- --- Thank You --- -------- --------


++++ PLEASE READ AND CITE THE FOLLOWING REFERENCE ++++
H. J. C. Berendsen, D. van der Spoel and R. van Drunen
GROMACS: A message-passing parallel molecular dynamics implementation
Comp. Phys. Comm. (1995)
DOI: 10.1016/0010-4655(95)00042-E
-------- -------- --- Thank You --- -------- --------


++++ PLEASE CITE THE DOI FOR THIS VERSION OF GROMACS ++++
https://doi.org/10.5281/zenodo.15387018
-------- -------- --- Thank You --- -------- --------

Input Parameters:
   integrator                     = md
   tinit                          = 0
   dt                             = 0.002
   nsteps                         = 50000000
   init-step                      = 0
   simulation-part                = 1
   mts                            = false
   mass-repartition-factor        = 1
   comm-mode                      = Linear
   nstcomm                        = 100
   bd-fric                        = 0
   ld-seed                        = -1933582593
   emtol                          = 10
   emstep                         = 0.01
   niter                          = 20
   fcstep                         = 0
   nstcgsteep                     = 1000
   nbfgscorr                      = 10
   rtpi                           = 0.05
   nstxout                        = 0
   nstvout                        = 0
   nstfout                        = 0
   nstlog                         = 25000
   nstcalcenergy                  = 100
   nstenergy                      = 25000
   nstxout-compressed             = 25000
   compressed-x-precision         = 1000
   cutoff-scheme                  = Verlet
   nstlist                        = 10
   pbc                            = xyz
   periodic-molecules             = false
   verlet-buffer-tolerance        = 0.005
   verlet-buffer-pressure-tolerance = 0.5
   rlist                          = 1
   coulombtype                    = PME
   coulomb-modifier               = Potential-shift
   rcoulomb-switch                = 0
   rcoulomb                       = 1
   epsilon-r                      = 1
   epsilon-rf                     = inf
   vdw-type                       = Cut-off
   vdw-modifier                   = Potential-shift
   rvdw-switch                    = 0
   rvdw                           = 1
   DispCorr                       = EnerPres
   table-extension                = 1
   fourierspacing                 = 0.16
   fourier-nx                     = 80
   fourier-ny                     = 80
   fourier-nz                     = 80
   pme-order                      = 4
   ewald-rtol                     = 1e-05
   ewald-rtol-lj                  = 0.001
   lj-pme-comb-rule               = Geometric
   ewald-geometry                 = 3d
   epsilon-surface                = 0
   ensemble-temperature-setting   = constant
   ensemble-temperature           = 300
   tcoupl                         = V-rescale
   nsttcouple                     = 10
   nh-chain-length                = 0
   print-nose-hoover-chain-variables = false
   pcoupl                         = Parrinello-Rahman
   pcoupltype                     = Isotropic
   nstpcouple                     = 50
   tau-p                          = 2
   compressibility (3x3):
      compressibility[    0]={ 4.50000e-05,  0.00000e+00,  0.00000e+00}
      compressibility[    1]={ 0.00000e+00,  4.50000e-05,  0.00000e+00}
      compressibility[    2]={ 0.00000e+00,  0.00000e+00,  4.50000e-05}
   ref-p (3x3):
      ref-p[    0]={ 1.00000e+00,  0.00000e+00,  0.00000e+00}
      ref-p[    1]={ 0.00000e+00,  1.00000e+00,  0.00000e+00}
      ref-p[    2]={ 0.00000e+00,  0.00000e+00,  1.00000e+00}
   refcoord-scaling               = No
   posres-com: not available
   posres-comB: not available
   QMMM                           = false
qm-opts:
   ngQM                           = 0
   constraint-algorithm           = Lincs
   continuation                   = true
   Shake-SOR                      = false
   shake-tol                      = 0.0001
   lincs-order                    = 4
   lincs-iter                     = 1
   lincs-warnangle                = 30
   nwall                          = 0
   wall-type                      = 9-3
   wall-r-linpot                  = -1
   wall-atomtype[0]               = -1
   wall-atomtype[1]               = -1
   wall-density[0]                = 0
   wall-density[1]                = 0
   wall-ewald-zfac                = 3
   pull                           = false
   awh                            = false
   rotation                       = false
   interactiveMD                  = false
   disre                          = No
   disre-weighting                = Conservative
   disre-mixed                    = false
   dr-fc                          = 1000
   dr-tau                         = 0
   nstdisreout                    = 100
   orire-fc                       = 0
   orire-tau                      = 0
   nstorireout                    = 100
   free-energy                    = no
   cos-acceleration               = 0
   deform (3x3):
      deform[    0]={ 0.00000e+00,  0.00000e+00,  0.00000e+00}
      deform[    1]={ 0.00000e+00,  0.00000e+00,  0.00000e+00}
      deform[    2]={ 0.00000e+00,  0.00000e+00,  0.00000e+00}
   simulated-tempering            = false
   swapcoords                     = no
   userint1                       = 0
   userint2                       = 0
   userint3                       = 0
   userint4                       = 0
   userreal1                      = 0
   userreal2                      = 0
   userreal3                      = 0
   userreal4                      = 0
   applied-forces:
     electric-field:
       x:
         E0                       = 0
         omega                    = 0
         t0                       = 0
         sigma                    = 0
       y:
         E0                       = 0
         omega                    = 0
         t0                       = 0
         sigma                    = 0
       z:
         E0                       = 0
         omega                    = 0
         t0                       = 0
         sigma                    = 0
     density-guided-simulation:
       active                     = false
       group                      = protein
       similarity-measure         = inner-product
       atom-spreading-weight      = unity
       force-constant             = 1e+09
       gaussian-transform-spreading-width = 0.2
       gaussian-transform-spreading-range-in-multiples-of-width = 4
       reference-density-filename = reference.mrc
       nst                        = 1
       normalize-densities        = true
       adaptive-force-scaling     = false
       adaptive-force-scaling-time-constant = 4
       shift-vector               = 
       transformation-matrix      = 
     qmmm-cp2k:
       active                     = false
       qmgroup                    = System
       qmmethod                   = PBE
       qmfilenames                = 
       qmcharge                   = 0
       qmmultiplicity             = 1
     colvars:
       active                     = false
       configfile                 = 
       seed                       = -1
     nnpot:
       active                     = false
       modelfile                  = model.pt
       input-group                = System
       model-input1               = 
       model-input2               = 
       model-input3               = 
       model-input4               = 
grpopts:
   nrdf:     19223.8      329961
   ref-t:         300         300
   tau-t:         0.1         0.1
annealing:          No          No
annealing-npoints:           0           0
   acc:	           0           0           0
   nfreeze:           N           N           N
   energygrp-flags[  0]: 0

Changing nstlist from 10 to 100, rlist from 1 to 1.18

When checking whether update groups are usable:
  Domain decomposition is not active, so there is no need for update groups

Local state does not use filler particles

1 GPU selected for this run.
Mapping of GPU IDs to the 2 GPU tasks in the 1 rank on this node:
  PP:0,PME:0
PP tasks will do (non-perturbed) short-ranged and most bonded interactions on the GPU
PP task will update and constrain coordinates on the GPU
PME tasks will do all aspects on the GPU
Using 1 MPI thread
Using 24 OpenMP threads 

System total charge: 0.000
Will do PME sum in reciprocal space for electrostatic interactions.

++++ PLEASE READ AND CITE THE FOLLOWING REFERENCE ++++
U. Essmann, L. Perera, M. L. Berkowitz, T. Darden, H. Lee, L. G. Pedersen 
A smooth particle mesh Ewald method
J. Chem. Phys. (1995)
DOI: 10.1063/1.470117
-------- -------- --- Thank You --- -------- --------

Using a Gaussian width (1/beta) of 0.320163 nm for Ewald
Potential shift: LJ r^-12: -1.000e+00 r^-6: -1.000e+00, Ewald -1.000e-05
Initialized non-bonded Coulomb Ewald tables, spacing: 9.33e-04 size: 1073

Generated table with 1089 data points for 1-4 COUL.
Tabscale = 500 points/nm
Generated table with 1089 data points for 1-4 LJ6.
Tabscale = 500 points/nm
Generated table with 1089 data points for 1-4 LJ12.
Tabscale = 500 points/nm
Long Range LJ corr.: <C6> 3.1773e-04


Using GPU 8x4 nonbonded short-range kernels

NBNxM GPU setup: super-cluster 2x2x2

Using a dual 8x4 pair-list setup updated with dynamic, rolling pruning:
  outer list: updated every 100 steps, buffer 0.180 nm, rlist 1.180 nm
  inner list: updated every   8 steps, buffer 0.002 nm, rlist 1.002 nm
At tolerance 0.005 kJ/mol/ps per atom, equivalent classical 1x1 list would be:
  outer list: updated every 100 steps, buffer 0.313 nm, rlist 1.313 nm
  inner list: updated every   8 steps, buffer 0.031 nm, rlist 1.031 nm

The average pressure is off by at most 0.53 bar due to missing LJ interactions

Using full Lennard-Jones parameter combination matrix

Pinning threads with an auto-selected logical cpu stride of 1

Initializing LINear Constraint Solver

++++ PLEASE READ AND CITE THE FOLLOWING REFERENCE ++++
B. Hess, H. Bekker, H. J. C. Berendsen, J. G. E. M. Fraaije
LINCS: A Linear Constraint Solver for molecular simulations
J. Comp. Chem. (1997)
DOI: 10.1002/(sici)1096-987x(199709)18:12<1463::aid-jcc4>3.0.co;2-h
-------- -------- --- Thank You --- -------- --------

The number of constraints is 3780

++++ PLEASE READ AND CITE THE FOLLOWING REFERENCE ++++
S. Miyamoto, P. A. Kollman
SETTLE: An Analytical Version of the SHAKE and RATTLE Algorithms for Rigid
Water Models
J. Comp. Chem. (1992)
DOI: 10.1002/jcc.540130805
-------- -------- --- Thank You --- -------- --------


++++ PLEASE READ AND CITE THE FOLLOWING REFERENCE ++++
G. Bussi, D. Donadio, M. Parrinello
Canonical sampling through velocity rescaling
J. Chem. Phys. (2007)
DOI: 10.1063/1.2408420
-------- -------- --- Thank You --- -------- --------

There are: 172484 Atoms

Updating coordinates and applying constraints on the GPU.
Center of mass motion removal mode is Linear
We have the following groups for center of mass motion removal:
  0:  rest

Started mdrun on rank 0 Mon Jul 14 12:28:27 2025

           Step           Time
              0        0.00000

   Energies (kJ/mol)
           Bond            U-B    Proper Dih.  Improper Dih.      CMAP Dih.
    6.19145e+03    1.73774e+04    1.98719e+04    1.03246e+03   -4.99070e+02
          LJ-14     Coulomb-14        LJ (SR)  Disper. corr.   Coulomb (SR)
    5.92082e+03    1.12465e+05    2.47280e+05   -2.34120e+04   -2.82797e+06
   Coul. recip.      Potential    Kinetic En.   Total Energy  Conserved En.
    1.53207e+04   -2.42642e+06    4.34560e+05   -1.99186e+06   -1.99175e+06
    Temperature Pres. DC (bar) Pressure (bar)   Constr. rmsd
    2.99358e+02   -2.30410e+02    1.98090e+01    0.00000e+00

step 1500: timed with pme grid 80 80 80, coulomb cutoff 1.000: 671.3 M-cycles
step 1700: timed with pme grid 64 64 64, coulomb cutoff 1.163: 1419.1 M-cycles
step 1900: timed with pme grid 72 72 72, coulomb cutoff 1.034: 760.9 M-cycles
step 2100: timed with pme grid 80 80 80, coulomb cutoff 1.000: 776.3 M-cycles
              optimal pme grid 80 80 80, coulomb cutoff 1.000
           Step           Time
          25000       50.00000

   Energies (kJ/mol)
           Bond            U-B    Proper Dih.  Improper Dih.      CMAP Dih.
    6.10282e+03    1.73509e+04    1.98737e+04    1.07264e+03   -8.23784e+02
          LJ-14     Coulomb-14        LJ (SR)  Disper. corr.   Coulomb (SR)
    5.82003e+03    1.12395e+05    2.50073e+05   -2.34656e+04   -2.83181e+06
   Coul. recip.      Potential    Kinetic En.   Total Energy  Conserved En.
    1.52542e+04   -2.42816e+06    4.36443e+05   -1.99171e+06   -1.99253e+06
    Temperature Pres. DC (bar) Pressure (bar)   Constr. rmsd
    3.00654e+02   -2.31465e+02    8.96230e+01    0.00000e+00

           Step           Time
          50000      100.00000

   Energies (kJ/mol)
           Bond            U-B    Proper Dih.  Improper Dih.      CMAP Dih.
    6.36562e+03    1.71658e+04    1.96208e+04    1.00423e+03   -6.00531e+02
          LJ-14     Coulomb-14        LJ (SR)  Disper. corr.   Coulomb (SR)
    5.77521e+03    1.12160e+05    2.48263e+05   -2.34444e+04   -2.82775e+06
   Coul. recip.      Potential    Kinetic En.   Total Energy  Conserved En.
    1.55333e+04   -2.42591e+06    4.33926e+05   -1.99198e+06   -1.99138e+06
    Temperature Pres. DC (bar) Pressure (bar)   Constr. rmsd
    2.98921e+02   -2.31046e+02    1.48680e+01    0.00000e+00

           Step           Time
          75000      150.00000

   Energies (kJ/mol)
           Bond            U-B    Proper Dih.  Improper Dih.      CMAP Dih.
    6.32416e+03    1.74145e+04    1.97893e+04    1.02810e+03   -7.61775e+02
          LJ-14     Coulomb-14        LJ (SR)  Disper. corr.   Coulomb (SR)
    5.81571e+03    1.12242e+05    2.48262e+05   -2.34426e+04   -2.82933e+06
   Coul. recip.      Potential    Kinetic En.   Total Energy  Conserved En.
    1.52276e+04   -2.42743e+06    4.36677e+05   -1.99075e+06   -1.99064e+06
    Temperature Pres. DC (bar) Pressure (bar)   Constr. rmsd
    3.00816e+02   -2.31011e+02    3.79431e+00    0.00000e+00

           Step           Time
         100000      200.00000

   Energies (kJ/mol)
           Bond            U-B    Proper Dih.  Improper Dih.      CMAP Dih.
    6.35336e+03    1.69593e+04    1.98749e+04    9.91468e+02   -7.00727e+02
          LJ-14     Coulomb-14        LJ (SR)  Disper. corr.   Coulomb (SR)
    5.72561e+03    1.12762e+05    2.48787e+05   -2.34996e+04   -2.83230e+06
   Coul. recip.      Potential    Kinetic En.   Total Energy  Conserved En.
    1.53814e+04   -2.42967e+06    4.32616e+05   -1.99705e+06   -1.98968e+06
    Temperature Pres. DC (bar) Pressure (bar)   Constr. rmsd
    2.98018e+02   -2.32136e+02    5.05078e+01    0.00000e+00

           Step           Time
         125000      250.00000

   Energies (kJ/mol)
           Bond            U-B    Proper Dih.  Improper Dih.      CMAP Dih.
    6.42692e+03    1.75459e+04    1.98888e+04    1.00792e+03   -7.39821e+02
          LJ-14     Coulomb-14        LJ (SR)  Disper. corr.   Coulomb (SR)
    5.75505e+03    1.12071e+05    2.50460e+05   -2.34977e+04   -2.83082e+06
   Coul. recip.      Potential    Kinetic En.   Total Energy  Conserved En.
    1.52801e+04   -2.42663e+06    4.34047e+05   -1.99258e+06   -1.98853e+06
    Temperature Pres. DC (bar) Pressure (bar)   Constr. rmsd
    2.99004e+02   -2.32097e+02    1.07752e+02    0.00000e+00

           Step           Time
         150000      300.00000

   Energies (kJ/mol)
           Bond            U-B    Proper Dih.  Improper Dih.      CMAP Dih.
    6.29563e+03    1.72380e+04    1.98605e+04    9.66605e+02   -8.70261e+02
          LJ-14     Coulomb-14        LJ (SR)  Disper. corr.   Coulomb (SR)
    5.81750e+03    1.12159e+05    2.48639e+05   -2.35076e+04   -2.83271e+06
   Coul. recip.      Potential    Kinetic En.   Total Energy  Conserved En.
    1.50730e+04   -2.43104e+06    4.37215e+05   -1.99382e+06   -1.98730e+06
    Temperature Pres. DC (bar) Pressure (bar)   Constr. rmsd
    3.01187e+02   -2.32293e+02    3.96387e+01    0.00000e+00

           Step           Time
         175000      350.00000

   Energies (kJ/mol)
           Bond            U-B    Proper Dih.  Improper Dih.      CMAP Dih.
    6.55492e+03    1.74009e+04    1.99133e+04    1.04710e+03   -7.61553e+02
          LJ-14     Coulomb-14        LJ (SR)  Disper. corr.   Coulomb (SR)
    5.77944e+03    1.11925e+05    2.50151e+05   -2.34512e+04   -2.83028e+06
   Coul. recip.      Potential    Kinetic En.   Total Energy  Conserved En.
    1.52252e+04   -2.42650e+06    4.34651e+05   -1.99185e+06   -1.98604e+06
    Temperature Pres. DC (bar) Pressure (bar)   Constr. rmsd
    2.99420e+02   -2.31181e+02    5.57462e+01    0.00000e+00

           Step           Time
         200000      400.00000

   Energies (kJ/mol)
           Bond            U-B    Proper Dih.  Improper Dih.      CMAP Dih.
    6.44838e+03    1.76617e+04    1.97584e+04    9.39434e+02   -7.48101e+02
          LJ-14     Coulomb-14        LJ (SR)  Disper. corr.   Coulomb (SR)
    5.82169e+03    1.11930e+05    2.49469e+05   -2.34917e+04   -2.83129e+06
   Coul. recip.      Potential    Kinetic En.   Total Energy  Conserved En.
    1.51551e+04   -2.42835e+06    4.37959e+05   -1.99039e+06   -1.98481e+06
    Temperature Pres. DC (bar) Pressure (bar)   Constr. rmsd
    3.01699e+02   -2.31978e+02    1.02377e+02    0.00000e+00

           Step           Time
         225000      450.00000

   Energies (kJ/mol)
           Bond            U-B    Proper Dih.  Improper Dih.      CMAP Dih.
    6.33957e+03    1.74426e+04    2.01215e+04    1.06532e+03   -7.17763e+02
          LJ-14     Coulomb-14        LJ (SR)  Disper. corr.   Coulomb (SR)
    5.74857e+03    1.12076e+05    2.48178e+05   -2.34485e+04   -2.82954e+06
   Coul. recip.      Potential    Kinetic En.   Total Energy  Conserved En.
    1.52128e+04   -2.42753e+06    4.35778e+05   -1.99175e+06   -1.98327e+06
    Temperature Pres. DC (bar) Pressure (bar)   Constr. rmsd
    3.00196e+02   -2.31127e+02    3.18582e+01    0.00000e+00

           Step           Time
         250000      500.00000

   Energies (kJ/mol)
           Bond            U-B    Proper Dih.  Improper Dih.      CMAP Dih.
    6.67841e+03    1.72020e+04    1.97597e+04    9.91885e+02   -6.58684e+02
          LJ-14     Coulomb-14        LJ (SR)  Disper. corr.   Coulomb (SR)
    5.60989e+03    1.12264e+05    2.46538e+05   -2.34128e+04   -2.82730e+06
   Coul. recip.      Potential    Kinetic En.   Total Energy  Conserved En.
    1.52330e+04   -2.42710e+06    4.36075e+05   -1.99102e+06   -1.98213e+06
    Temperature Pres. DC (bar) Pressure (bar)   Constr. rmsd
    3.00401e+02   -2.30425e+02   -1.27947e+02    0.00000e+00

           Step           Time
         275000      550.00000

   Energies (kJ/mol)
           Bond            U-B    Proper Dih.  Improper Dih.      CMAP Dih.
    6.31083e+03    1.74230e+04    1.99836e+04    9.67614e+02   -7.63259e+02
          LJ-14     Coulomb-14        LJ (SR)  Disper. corr.   Coulomb (SR)
    5.73504e+03    1.11796e+05    2.48218e+05   -2.34768e+04   -2.82919e+06
   Coul. recip.      Potential    Kinetic En.   Total Energy  Conserved En.
    1.52129e+04   -2.42778e+06    4.35130e+05   -1.99266e+06   -1.98092e+06
    Temperature Pres. DC (bar) Pressure (bar)   Constr. rmsd
    2.99750e+02   -2.31685e+02    3.66678e+01    0.00000e+00

Writing checkpoint, step 277500 at Mon Jul 14 12:43:27 2025


           Step           Time
         300000      600.00000

   Energies (kJ/mol)
           Bond            U-B    Proper Dih.  Improper Dih.      CMAP Dih.
    6.27393e+03    1.70493e+04    1.98298e+04    1.02408e+03   -8.81085e+02
          LJ-14     Coulomb-14        LJ (SR)  Disper. corr.   Coulomb (SR)
    5.78251e+03    1.12255e+05    2.48414e+05   -2.34666e+04   -2.83129e+06
   Coul. recip.      Potential    Kinetic En.   Total Energy  Conserved En.
    1.51621e+04   -2.42985e+06    4.34264e+05   -1.99559e+06   -1.98004e+06
    Temperature Pres. DC (bar) Pressure (bar)   Constr. rmsd
    2.99153e+02   -2.31483e+02    1.39327e+01    0.00000e+00

           Step           Time
         325000      650.00000

   Energies (kJ/mol)
           Bond            U-B    Proper Dih.  Improper Dih.      CMAP Dih.
    6.41592e+03    1.70487e+04    1.97463e+04    1.00013e+03   -7.27167e+02
          LJ-14     Coulomb-14        LJ (SR)  Disper. corr.   Coulomb (SR)
    5.72957e+03    1.12239e+05    2.48303e+05   -2.35193e+04   -2.83334e+06
   Coul. recip.      Potential    Kinetic En.   Total Energy  Conserved En.
    1.53320e+04   -2.43177e+06    4.35603e+05   -1.99617e+06   -1.97868e+06
    Temperature Pres. DC (bar) Pressure (bar)   Constr. rmsd
    3.00076e+02   -2.32524e+02    3.13794e+01    0.00000e+00

           Step           Time
         350000      700.00000

   Energies (kJ/mol)
           Bond            U-B    Proper Dih.  Improper Dih.      CMAP Dih.
    6.21686e+03    1.75866e+04    1.98079e+04    9.68575e+02   -6.22795e+02
          LJ-14     Coulomb-14        LJ (SR)  Disper. corr.   Coulomb (SR)
    5.66251e+03    1.11967e+05    2.47693e+05   -2.34845e+04   -2.82918e+06
   Coul. recip.      Potential    Kinetic En.   Total Energy  Conserved En.
    1.52964e+04   -2.42809e+06    4.37181e+05   -1.99091e+06   -1.97753e+06
    Temperature Pres. DC (bar) Pressure (bar)   Constr. rmsd
    3.01163e+02   -2.31837e+02    1.04990e+01    0.00000e+00

           Step           Time
         375000      750.00000

   Energies (kJ/mol)
           Bond            U-B    Proper Dih.  Improper Dih.      CMAP Dih.
    6.36360e+03    1.74659e+04    1.98191e+04    1.02844e+03   -7.73942e+02
          LJ-14     Coulomb-14        LJ (SR)  Disper. corr.   Coulomb (SR)
    5.74853e+03    1.11920e+05    2.47575e+05   -2.34530e+04   -2.83071e+06
   Coul. recip.      Potential    Kinetic En.   Total Energy  Conserved En.
    1.52114e+04   -2.42981e+06    4.36775e+05   -1.99303e+06   -1.97666e+06
    Temperature Pres. DC (bar) Pressure (bar)   Constr. rmsd
    3.00883e+02   -2.31216e+02   -1.19345e+01    0.00000e+00

           Step           Time
         400000      800.00000

   Energies (kJ/mol)
           Bond            U-B    Proper Dih.  Improper Dih.      CMAP Dih.
    6.36691e+03    1.75184e+04    1.98312e+04    1.05855e+03   -7.79953e+02
          LJ-14     Coulomb-14        LJ (SR)  Disper. corr.   Coulomb (SR)
    5.63388e+03    1.12210e+05    2.48050e+05   -2.34107e+04   -2.82582e+06
   Coul. recip.      Potential    Kinetic En.   Total Energy  Conserved En.
    1.52833e+04   -2.42406e+06    4.36253e+05   -1.98781e+06   -1.97543e+06
    Temperature Pres. DC (bar) Pressure (bar)   Constr. rmsd
    3.00524e+02   -2.30383e+02    4.23414e+00    0.00000e+00

           Step           Time
         425000      850.00000

   Energies (kJ/mol)
           Bond            U-B    Proper Dih.  Improper Dih.      CMAP Dih.
    6.40048e+03    1.75400e+04    1.98472e+04    9.95773e+02   -8.22417e+02
          LJ-14     Coulomb-14        LJ (SR)  Disper. corr.   Coulomb (SR)
    5.74485e+03    1.12071e+05    2.48332e+05   -2.34071e+04   -2.82660e+06
   Coul. recip.      Potential    Kinetic En.   Total Energy  Conserved En.
    1.52949e+04   -2.42460e+06    4.35276e+05   -1.98932e+06   -1.97447e+06
    Temperature Pres. DC (bar) Pressure (bar)   Constr. rmsd
    2.99851e+02   -2.30312e+02    7.01151e+00    0.00000e+00

           Step           Time
         450000      900.00000

   Energies (kJ/mol)
           Bond            U-B    Proper Dih.  Improper Dih.      CMAP Dih.
    6.47377e+03    1.75573e+04    1.97316e+04    9.85834e+02   -8.08964e+02
          LJ-14     Coulomb-14        LJ (SR)  Disper. corr.   Coulomb (SR)
    5.70117e+03    1.11480e+05    2.47804e+05   -2.35101e+04   -2.82829e+06
   Coul. recip.      Potential    Kinetic En.   Total Energy  Conserved En.
    1.52225e+04   -2.42766e+06    4.35683e+05   -1.99198e+06   -1.97350e+06
    Temperature Pres. DC (bar) Pressure (bar)   Constr. rmsd
    3.00131e+02   -2.32342e+02    4.35407e+01    0.00000e+00

           Step           Time
         475000      950.00000

   Energies (kJ/mol)
           Bond            U-B    Proper Dih.  Improper Dih.      CMAP Dih.
    6.25189e+03    1.76998e+04    1.97304e+04    9.81627e+02   -7.64052e+02
          LJ-14     Coulomb-14        LJ (SR)  Disper. corr.   Coulomb (SR)
    5.69970e+03    1.12167e+05    2.46685e+05   -2.34563e+04   -2.82689e+06
   Coul. recip.      Potential    Kinetic En.   Total Energy  Conserved En.
    1.52241e+04   -2.42667e+06    4.35161e+05   -1.99151e+06   -1.97243e+06
    Temperature Pres. DC (bar) Pressure (bar)   Constr. rmsd
    2.99771e+02   -2.31281e+02   -4.31521e+01    0.00000e+00

           Step           Time
         500000     1000.00000

   Energies (kJ/mol)
           Bond            U-B    Proper Dih.  Improper Dih.      CMAP Dih.
    6.43700e+03    1.75206e+04    1.97959e+04    1.05606e+03   -7.10081e+02
          LJ-14     Coulomb-14        LJ (SR)  Disper. corr.   Coulomb (SR)
    5.61325e+03    1.11430e+05    2.50909e+05   -2.34148e+04   -2.83272e+06
   Coul. recip.      Potential    Kinetic En.   Total Energy  Conserved En.
    1.51144e+04   -2.42897e+06    4.39291e+05   -1.98968e+06   -1.97151e+06
    Temperature Pres. DC (bar) Pressure (bar)   Constr. rmsd
    3.02617e+02   -2.30464e+02    3.41175e+01    0.00000e+00

           Step           Time
         525000     1050.00000

   Energies (kJ/mol)
           Bond            U-B    Proper Dih.  Improper Dih.      CMAP Dih.
    6.41796e+03    1.68485e+04    1.98348e+04    1.01497e+03   -7.68187e+02
          LJ-14     Coulomb-14        LJ (SR)  Disper. corr.   Coulomb (SR)
    5.88490e+03    1.12234e+05    2.47960e+05   -2.34042e+04   -2.82791e+06
   Coul. recip.      Potential    Kinetic En.   Total Energy  Conserved En.
    1.51500e+04   -2.42674e+06    4.36222e+05   -1.99052e+06   -1.97059e+06
    Temperature Pres. DC (bar) Pressure (bar)   Constr. rmsd
    3.00502e+02   -2.30255e+02   -2.56745e+01    0.00000e+00

           Step           Time
         550000     1100.00000

   Energies (kJ/mol)
           Bond            U-B    Proper Dih.  Improper Dih.      CMAP Dih.
    6.55688e+03    1.76821e+04    1.97841e+04    1.02149e+03   -8.06174e+02
          LJ-14     Coulomb-14        LJ (SR)  Disper. corr.   Coulomb (SR)
    5.61592e+03    1.11836e+05    2.48959e+05   -2.34952e+04   -2.82963e+06
   Coul. recip.      Potential    Kinetic En.   Total Energy  Conserved En.
    1.53161e+04   -2.42716e+06    4.37373e+05   -1.98979e+06   -1.96956e+06
    Temperature Pres. DC (bar) Pressure (bar)   Constr. rmsd
    3.01295e+02   -2.32048e+02    5.64133e+01    0.00000e+00

Writing checkpoint, step 569600 at Mon Jul 14 12:58:27 2025


           Step           Time
         575000     1150.00000

   Energies (kJ/mol)
           Bond            U-B    Proper Dih.  Improper Dih.      CMAP Dih.
    6.16610e+03    1.74203e+04    1.97378e+04    1.04207e+03   -7.76031e+02
          LJ-14     Coulomb-14        LJ (SR)  Disper. corr.   Coulomb (SR)
    5.66962e+03    1.11484e+05    2.51015e+05   -2.34505e+04   -2.83322e+06
   Coul. recip.      Potential    Kinetic En.   Total Energy  Conserved En.
    1.51477e+04   -2.42977e+06    4.35710e+05   -1.99406e+06   -1.96859e+06
    Temperature Pres. DC (bar) Pressure (bar)   Constr. rmsd
    3.00150e+02   -2.31167e+02    7.38896e+01    0.00000e+00

           Step           Time
         600000     1200.00000

   Energies (kJ/mol)
           Bond            U-B    Proper Dih.  Improper Dih.      CMAP Dih.
    6.13715e+03    1.73249e+04    1.99438e+04    1.02990e+03   -8.18636e+02
          LJ-14     Coulomb-14        LJ (SR)  Disper. corr.   Coulomb (SR)
    5.64739e+03    1.11785e+05    2.47546e+05   -2.34212e+04   -2.82870e+06
   Coul. recip.      Potential    Kinetic En.   Total Energy  Conserved En.
    1.52507e+04   -2.42828e+06    4.35976e+05   -1.99230e+06   -1.96758e+06
    Temperature Pres. DC (bar) Pressure (bar)   Constr. rmsd
    3.00333e+02   -2.30591e+02   -1.87884e+01    0.00000e+00

           Step           Time
         625000     1250.00000

   Energies (kJ/mol)
           Bond            U-B    Proper Dih.  Improper Dih.      CMAP Dih.
    6.49610e+03    1.73531e+04    1.99752e+04    1.06434e+03   -8.71627e+02
          LJ-14     Coulomb-14        LJ (SR)  Disper. corr.   Coulomb (SR)
    5.74659e+03    1.11479e+05    2.48711e+05   -2.34924e+04   -2.82967e+06
   Coul. recip.      Potential    Kinetic En.   Total Energy  Conserved En.
    1.53935e+04   -2.42781e+06    4.35900e+05   -1.99191e+06   -1.96633e+06
    Temperature Pres. DC (bar) Pressure (bar)   Constr. rmsd
    3.00280e+02   -2.31992e+02    7.37775e+01    0.00000e+00

           Step           Time
         650000     1300.00000

   Energies (kJ/mol)
           Bond            U-B    Proper Dih.  Improper Dih.      CMAP Dih.
    6.21700e+03    1.72721e+04    1.98048e+04    9.80294e+02   -7.84478e+02
          LJ-14     Coulomb-14        LJ (SR)  Disper. corr.   Coulomb (SR)
    5.65984e+03    1.12029e+05    2.49876e+05   -2.34445e+04   -2.83394e+06
   Coul. recip.      Potential    Kinetic En.   Total Energy  Conserved En.
    1.51877e+04   -2.43114e+06    4.33910e+05   -1.99723e+06   -1.96520e+06
    Temperature Pres. DC (bar) Pressure (bar)   Constr. rmsd
    2.98910e+02   -2.31048e+02    7.20235e+00    0.00000e+00

           Step           Time
         675000     1350.00000

   Energies (kJ/mol)
           Bond            U-B    Proper Dih.  Improper Dih.      CMAP Dih.
    6.24622e+03    1.69797e+04    1.98190e+04    9.42616e+02   -8.14821e+02
          LJ-14     Coulomb-14        LJ (SR)  Disper. corr.   Coulomb (SR)
    5.71317e+03    1.11829e+05    2.49020e+05   -2.33971e+04   -2.83164e+06
   Coul. recip.      Potential    Kinetic En.   Total Energy  Conserved En.
    1.52893e+04   -2.43001e+06    4.33157e+05   -1.99685e+06   -1.96407e+06
    Temperature Pres. DC (bar) Pressure (bar)   Constr. rmsd
    2.98391e+02   -2.30117e+02   -5.51353e+01    0.00000e+00

           Step           Time
         700000     1400.00000

   Energies (kJ/mol)
           Bond            U-B    Proper Dih.  Improper Dih.      CMAP Dih.
    6.06480e+03    1.72921e+04    1.99354e+04    9.26939e+02   -7.85161e+02
          LJ-14     Coulomb-14        LJ (SR)  Disper. corr.   Coulomb (SR)
    5.83739e+03    1.11888e+05    2.47229e+05   -2.34333e+04   -2.82823e+06
   Coul. recip.      Potential    Kinetic En.   Total Energy  Conserved En.
    1.54211e+04   -2.42785e+06    4.35667e+05   -1.99218e+06   -1.96271e+06
    Temperature Pres. DC (bar) Pressure (bar)   Constr. rmsd
    3.00120e+02   -2.30828e+02    7.95180e+00    0.00000e+00

           Step           Time
         725000     1450.00000

   Energies (kJ/mol)
           Bond            U-B    Proper Dih.  Improper Dih.      CMAP Dih.
    6.41178e+03    1.74668e+04    1.97970e+04    1.06985e+03   -8.53693e+02
          LJ-14     Coulomb-14        LJ (SR)  Disper. corr.   Coulomb (SR)
    5.74033e+03    1.12219e+05    2.46118e+05   -2.34456e+04   -2.82683e+06
   Coul. recip.      Potential    Kinetic En.   Total Energy  Conserved En.
    1.52386e+04   -2.42707e+06    4.34422e+05   -1.99265e+06   -1.96147e+06
    Temperature Pres. DC (bar) Pressure (bar)   Constr. rmsd
    2.99262e+02   -2.31071e+02   -5.89174e+01    0.00000e+00

           Step           Time
         750000     1500.00000

   Energies (kJ/mol)
           Bond            U-B    Proper Dih.  Improper Dih.      CMAP Dih.
    6.38848e+03    1.72759e+04    1.97660e+04    9.52508e+02   -7.65004e+02
          LJ-14     Coulomb-14        LJ (SR)  Disper. corr.   Coulomb (SR)
    5.74360e+03    1.11774e+05    2.48994e+05   -2.35070e+04   -2.83215e+06
   Coul. recip.      Potential    Kinetic En.   Total Energy  Conserved En.
    1.53474e+04   -2.43018e+06    4.35453e+05   -1.99472e+06   -1.96014e+06
    Temperature Pres. DC (bar) Pressure (bar)   Constr. rmsd
    2.99972e+02   -2.32282e+02    6.49287e+01    0.00000e+00

           Step           Time
         775000     1550.00000

   Energies (kJ/mol)
           Bond            U-B    Proper Dih.  Improper Dih.      CMAP Dih.
    6.55912e+03    1.75928e+04    1.98407e+04    1.04808e+03   -9.14224e+02
          LJ-14     Coulomb-14        LJ (SR)  Disper. corr.   Coulomb (SR)
    5.62391e+03    1.11635e+05    2.49643e+05   -2.34758e+04   -2.82986e+06
   Coul. recip.      Potential    Kinetic En.   Total Energy  Conserved En.
    1.53335e+04   -2.42697e+06    4.36630e+05   -1.99034e+06   -1.95896e+06
    Temperature Pres. DC (bar) Pressure (bar)   Constr. rmsd
    3.00783e+02   -2.31665e+02    7.02333e+01    0.00000e+00

           Step           Time
         800000     1600.00000

   Energies (kJ/mol)
           Bond            U-B    Proper Dih.  Improper Dih.      CMAP Dih.
    6.27544e+03    1.70848e+04    2.00630e+04    1.01102e+03   -8.53710e+02
          LJ-14     Coulomb-14        LJ (SR)  Disper. corr.   Coulomb (SR)
    5.71238e+03    1.12137e+05    2.46529e+05   -2.34768e+04   -2.82600e+06
   Coul. recip.      Potential    Kinetic En.   Total Energy  Conserved En.
    1.51367e+04   -2.42639e+06    4.35980e+05   -1.99041e+06   -1.95769e+06
    Temperature Pres. DC (bar) Pressure (bar)   Constr. rmsd
    3.00336e+02   -2.31685e+02    2.13493e+01    0.00000e+00

           Step           Time
         825000     1650.00000

   Energies (kJ/mol)
           Bond            U-B    Proper Dih.  Improper Dih.      CMAP Dih.
    6.55856e+03    1.75537e+04    1.97938e+04    9.91144e+02   -8.47284e+02
          LJ-14     Coulomb-14        LJ (SR)  Disper. corr.   Coulomb (SR)
    5.69145e+03    1.11581e+05    2.49286e+05   -2.34380e+04   -2.83005e+06
   Coul. recip.      Potential    Kinetic En.   Total Energy  Conserved En.
    1.51488e+04   -2.42773e+06    4.35456e+05   -1.99227e+06   -1.95692e+06
    Temperature Pres. DC (bar) Pressure (bar)   Constr. rmsd
    2.99975e+02   -2.30920e+02    9.86826e+00    0.00000e+00

           Step           Time
         850000     1700.00000

   Energies (kJ/mol)
           Bond            U-B    Proper Dih.  Improper Dih.      CMAP Dih.
    6.40020e+03    1.76080e+04    1.99245e+04    9.78428e+02   -8.45125e+02
          LJ-14     Coulomb-14        LJ (SR)  Disper. corr.   Coulomb (SR)
    5.68451e+03    1.11834e+05    2.50553e+05   -2.34426e+04   -2.83161e+06
   Coul. recip.      Potential    Kinetic En.   Total Energy  Conserved En.
    1.51337e+04   -2.42778e+06    4.36126e+05   -1.99165e+06   -1.95593e+06
    Temperature Pres. DC (bar) Pressure (bar)   Constr. rmsd
    3.00436e+02   -2.31011e+02    9.27479e+01    0.00000e+00

Writing checkpoint, step 859100 at Mon Jul 14 13:13:27 2025


           Step           Time
         875000     1750.00000

   Energies (kJ/mol)
           Bond            U-B    Proper Dih.  Improper Dih.      CMAP Dih.
    6.38305e+03    1.72867e+04    1.96907e+04    9.78913e+02   -7.27099e+02
          LJ-14     Coulomb-14        LJ (SR)  Disper. corr.   Coulomb (SR)
    5.84076e+03    1.11885e+05    2.47934e+05   -2.34649e+04   -2.82794e+06
   Coul. recip.      Potential    Kinetic En.   Total Energy  Conserved En.
    1.53504e+04   -2.42678e+06    4.36086e+05   -1.99069e+06   -1.95496e+06
    Temperature Pres. DC (bar) Pressure (bar)   Constr. rmsd
    3.00408e+02   -2.31450e+02    4.98638e+01    0.00000e+00

           Step           Time
         900000     1800.00000

   Energies (kJ/mol)
           Bond            U-B    Proper Dih.  Improper Dih.      CMAP Dih.
    6.18473e+03    1.74553e+04    1.97912e+04    1.02779e+03   -6.92341e+02
          LJ-14     Coulomb-14        LJ (SR)  Disper. corr.   Coulomb (SR)
    5.73321e+03    1.11918e+05    2.44949e+05   -2.34049e+04   -2.82395e+06
   Coul. recip.      Potential    Kinetic En.   Total Energy  Conserved En.
    1.50217e+04   -2.42597e+06    4.34948e+05   -1.99102e+06   -1.95416e+06
    Temperature Pres. DC (bar) Pressure (bar)   Constr. rmsd
    2.99624e+02   -2.30271e+02   -1.00402e+02    0.00000e+00

           Step           Time
         925000     1850.00000

   Energies (kJ/mol)
           Bond            U-B    Proper Dih.  Improper Dih.      CMAP Dih.
    6.43660e+03    1.72774e+04    1.99891e+04    1.03405e+03   -7.19433e+02
          LJ-14     Coulomb-14        LJ (SR)  Disper. corr.   Coulomb (SR)
    5.69138e+03    1.12051e+05    2.45590e+05   -2.34990e+04   -2.82843e+06
   Coul. recip.      Potential    Kinetic En.   Total Energy  Conserved En.
    1.50552e+04   -2.42952e+06    4.34440e+05   -1.99508e+06   -1.95287e+06
    Temperature Pres. DC (bar) Pressure (bar)   Constr. rmsd
    2.99274e+02   -2.32122e+02   -6.72568e+01    0.00000e+00

           Step           Time
         950000     1900.00000

   Energies (kJ/mol)
           Bond            U-B    Proper Dih.  Improper Dih.      CMAP Dih.
    6.13163e+03    1.72545e+04    1.98142e+04    1.01203e+03   -6.92777e+02
          LJ-14     Coulomb-14        LJ (SR)  Disper. corr.   Coulomb (SR)
    5.73777e+03    1.12073e+05    2.49326e+05   -2.33998e+04   -2.83188e+06
   Coul. recip.      Potential    Kinetic En.   Total Energy  Conserved En.
    1.50794e+04   -2.42954e+06    4.33432e+05   -1.99611e+06   -1.95173e+06
    Temperature Pres. DC (bar) Pressure (bar)   Constr. rmsd
    2.98580e+02   -2.30170e+02    5.99165e+00    0.00000e+00

           Step           Time
         975000     1950.00000

   Energies (kJ/mol)
           Bond            U-B    Proper Dih.  Improper Dih.      CMAP Dih.
    6.44393e+03    1.71913e+04    1.98417e+04    1.05646e+03   -7.28313e+02
          LJ-14     Coulomb-14        LJ (SR)  Disper. corr.   Coulomb (SR)
    5.67132e+03    1.11588e+05    2.50047e+05   -2.34774e+04   -2.83210e+06
   Coul. recip.      Potential    Kinetic En.   Total Energy  Conserved En.
    1.50447e+04   -2.42942e+06    4.34217e+05   -1.99520e+06   -1.95020e+06
    Temperature Pres. DC (bar) Pressure (bar)   Constr. rmsd
    2.99121e+02   -2.31698e+02    6.33951e+01    0.00000e+00

           Step           Time
        1000000     2000.00000

   Energies (kJ/mol)
           Bond            U-B    Proper Dih.  Improper Dih.      CMAP Dih.
    6.59492e+03    1.74512e+04    1.95784e+04    1.08198e+03   -7.46600e+02
          LJ-14     Coulomb-14        LJ (SR)  Disper. corr.   Coulomb (SR)
    5.70365e+03    1.11527e+05    2.48282e+05   -2.34612e+04   -2.82800e+06
   Coul. recip.      Potential    Kinetic En.   Total Energy  Conserved En.
    1.52678e+04   -2.42672e+06    4.35854e+05   -1.99087e+06   -1.94911e+06
    Temperature Pres. DC (bar) Pressure (bar)   Constr. rmsd
    3.00249e+02   -2.31378e+02    2.70823e+01    0.00000e+00

           Step           Time
        1025000     2050.00000

   Energies (kJ/mol)
           Bond            U-B    Proper Dih.  Improper Dih.      CMAP Dih.
    6.25381e+03    1.69478e+04    1.98588e+04    1.00144e+03   -6.92204e+02
          LJ-14     Coulomb-14        LJ (SR)  Disper. corr.   Coulomb (SR)
    5.79633e+03    1.11634e+05    2.50523e+05   -2.34586e+04   -2.83447e+06
   Coul. recip.      Potential    Kinetic En.   Total Energy  Conserved En.
    1.50366e+04   -2.43156e+06    4.34452e+05   -1.99711e+06   -1.94819e+06
    Temperature Pres. DC (bar) Pressure (bar)   Constr. rmsd
    2.99283e+02   -2.31326e+02    8.94576e+01    0.00000e+00

           Step           Time
        1050000     2100.00000

   Energies (kJ/mol)
           Bond            U-B    Proper Dih.  Improper Dih.      CMAP Dih.
    6.40711e+03    1.71242e+04    1.98694e+04    1.08661e+03   -8.94928e+02
          LJ-14     Coulomb-14        LJ (SR)  Disper. corr.   Coulomb (SR)
    5.65695e+03    1.11776e+05    2.50008e+05   -2.35503e+04   -2.83346e+06
   Coul. recip.      Potential    Kinetic En.   Total Energy  Conserved En.
    1.50075e+04   -2.43097e+06    4.36768e+05   -1.99421e+06   -1.94713e+06
    Temperature Pres. DC (bar) Pressure (bar)   Constr. rmsd
    3.00878e+02   -2.33136e+02    9.43258e+01    0.00000e+00

           Step           Time
        1075000     2150.00000

   Energies (kJ/mol)
           Bond            U-B    Proper Dih.  Improper Dih.      CMAP Dih.
    6.52608e+03    1.72167e+04    1.97977e+04    9.77342e+02   -7.43248e+02
          LJ-14     Coulomb-14        LJ (SR)  Disper. corr.   Coulomb (SR)
    5.66998e+03    1.11980e+05    2.47165e+05   -2.34754e+04   -2.82867e+06
   Coul. recip.      Potential    Kinetic En.   Total Energy  Conserved En.
    1.52456e+04   -2.42831e+06    4.36788e+05   -1.99152e+06   -1.94590e+06
    Temperature Pres. DC (bar) Pressure (bar)   Constr. rmsd
    3.00892e+02   -2.31657e+02   -3.84253e+00    0.00000e+00

           Step           Time
        1100000     2200.00000

   Energies (kJ/mol)
           Bond            U-B    Proper Dih.  Improper Dih.      CMAP Dih.
    6.27387e+03    1.79370e+04    1.97778e+04    9.75758e+02   -7.69413e+02
          LJ-14     Coulomb-14        LJ (SR)  Disper. corr.   Coulomb (SR)
    5.63714e+03    1.11850e+05    2.48254e+05   -2.35295e+04   -2.82935e+06
   Coul. recip.      Potential    Kinetic En.   Total Energy  Conserved En.
    1.52379e+04   -2.42770e+06    4.35904e+05   -1.99180e+06   -1.94465e+06
    Temperature Pres. DC (bar) Pressure (bar)   Constr. rmsd
    3.00284e+02   -2.32724e+02    1.68805e+01    0.00000e+00

           Step           Time
        1125000     2250.00000

   Energies (kJ/mol)
           Bond            U-B    Proper Dih.  Improper Dih.      CMAP Dih.
    6.29222e+03    1.76516e+04    1.96871e+04    9.76792e+02   -7.93341e+02
          LJ-14     Coulomb-14        LJ (SR)  Disper. corr.   Coulomb (SR)
    5.58208e+03    1.11187e+05    2.47655e+05   -2.35018e+04   -2.82776e+06
   Coul. recip.      Potential    Kinetic En.   Total Energy  Conserved En.
    1.53268e+04   -2.42769e+06    4.33311e+05   -1.99438e+06   -1.94371e+06
    Temperature Pres. DC (bar) Pressure (bar)   Constr. rmsd
    2.98497e+02   -2.32178e+02    5.08119e+01    0.00000e+00

           Step           Time
        1150000     2300.00000

   Energies (kJ/mol)
           Bond            U-B    Proper Dih.  Improper Dih.      CMAP Dih.
    6.34060e+03    1.72449e+04    1.97928e+04    9.60514e+02   -7.82662e+02
          LJ-14     Coulomb-14        LJ (SR)  Disper. corr.   Coulomb (SR)
    5.67989e+03    1.11205e+05    2.44638e+05   -2.34365e+04   -2.82434e+06
   Coul. recip.      Potential    Kinetic En.   Total Energy  Conserved En.
    1.52314e+04   -2.42747e+06    4.36141e+05   -1.99133e+06   -1.94271e+06
    Temperature Pres. DC (bar) Pressure (bar)   Constr. rmsd
    3.00446e+02   -2.30891e+02   -9.85237e+01    0.00000e+00

           Step           Time
        1175000     2350.00000

   Energies (kJ/mol)
           Bond            U-B    Proper Dih.  Improper Dih.      CMAP Dih.
    6.24513e+03    1.70869e+04    1.99742e+04    9.64174e+02   -7.73593e+02
          LJ-14     Coulomb-14        LJ (SR)  Disper. corr.   Coulomb (SR)
    5.77585e+03    1.11948e+05    2.48834e+05   -2.34455e+04   -2.82800e+06
   Coul. recip.      Potential    Kinetic En.   Total Energy  Conserved En.
    1.51108e+04   -2.42628e+06    4.35058e+05   -1.99122e+06   -1.94128e+06
    Temperature Pres. DC (bar) Pressure (bar)   Constr. rmsd
    2.99700e+02   -2.31069e+02    6.68548e+01    0.00000e+00

Writing checkpoint, step 1181600 at Mon Jul 14 13:28:27 2025


           Step           Time
        1200000     2400.00000

   Energies (kJ/mol)
           Bond            U-B    Proper Dih.  Improper Dih.      CMAP Dih.
    6.51010e+03    1.74187e+04    1.98260e+04    1.06889e+03   -7.17753e+02
          LJ-14     Coulomb-14        LJ (SR)  Disper. corr.   Coulomb (SR)
    5.66373e+03    1.10905e+05    2.47894e+05   -2.34548e+04   -2.82717e+06
   Coul. recip.      Potential    Kinetic En.   Total Energy  Conserved En.
    1.55029e+04   -2.42655e+06    4.34947e+05   -1.99160e+06   -1.94042e+06
    Temperature Pres. DC (bar) Pressure (bar)   Constr. rmsd
    2.99624e+02   -2.31252e+02   -8.26880e+00    0.00000e+00

           Step           Time
        1225000     2450.00000

   Energies (kJ/mol)
           Bond            U-B    Proper Dih.  Improper Dih.      CMAP Dih.
    6.16271e+03    1.74516e+04    1.98679e+04    1.05422e+03   -8.05599e+02
          LJ-14     Coulomb-14        LJ (SR)  Disper. corr.   Coulomb (SR)
    5.79075e+03    1.10899e+05    2.46918e+05   -2.34825e+04   -2.82828e+06
   Coul. recip.      Potential    Kinetic En.   Total Energy  Conserved En.
    1.53234e+04   -2.42910e+06    4.35377e+05   -1.99373e+06   -1.93940e+06
    Temperature Pres. DC (bar) Pressure (bar)   Constr. rmsd
    2.99920e+02   -2.31798e+02    1.37205e+01    0.00000e+00

           Step           Time
        1250000     2500.00000

   Energies (kJ/mol)
           Bond            U-B    Proper Dih.  Improper Dih.      CMAP Dih.
    6.32791e+03    1.74631e+04    2.00020e+04    1.06049e+03   -7.09081e+02
          LJ-14     Coulomb-14        LJ (SR)  Disper. corr.   Coulomb (SR)
    5.75468e+03    1.11374e+05    2.48669e+05   -2.33838e+04   -2.82717e+06
   Coul. recip.      Potential    Kinetic En.   Total Energy  Conserved En.
    1.50352e+04   -2.42558e+06    4.35473e+05   -1.99011e+06   -1.93834e+06
    Temperature Pres. DC (bar) Pressure (bar)   Constr. rmsd
    2.99986e+02   -2.29855e+02    2.36536e+00    0.00000e+00

           Step           Time
        1275000     2550.00000

   Energies (kJ/mol)
           Bond            U-B    Proper Dih.  Improper Dih.      CMAP Dih.
    6.09261e+03    1.73731e+04    1.98448e+04    9.80685e+02   -7.87497e+02
          LJ-14     Coulomb-14        LJ (SR)  Disper. corr.   Coulomb (SR)
    5.82829e+03    1.11086e+05    2.48695e+05   -2.35454e+04   -2.83159e+06
   Coul. recip.      Potential    Kinetic En.   Total Energy  Conserved En.
    1.52685e+04   -2.43075e+06    4.36294e+05   -1.99446e+06   -1.93742e+06
    Temperature Pres. DC (bar) Pressure (bar)   Constr. rmsd
    3.00552e+02   -2.33039e+02    1.24488e+02    0.00000e+00

           Step           Time
        1300000     2600.00000

   Energies (kJ/mol)
           Bond            U-B    Proper Dih.  Improper Dih.      CMAP Dih.
    6.42559e+03    1.72196e+04    2.00111e+04    9.75070e+02   -7.31599e+02
          LJ-14     Coulomb-14        LJ (SR)  Disper. corr.   Coulomb (SR)
    5.80747e+03    1.10968e+05    2.45719e+05   -2.34314e+04   -2.82672e+06
   Coul. recip.      Potential    Kinetic En.   Total Energy  Conserved En.
    1.52338e+04   -2.42852e+06    4.36421e+05   -1.99210e+06   -1.93596e+06
    Temperature Pres. DC (bar) Pressure (bar)   Constr. rmsd
    3.00639e+02   -2.30791e+02   -7.84056e+01    0.00000e+00

           Step           Time
        1325000     2650.00000

   Energies (kJ/mol)
           Bond            U-B    Proper Dih.  Improper Dih.      CMAP Dih.
    6.55592e+03    1.74839e+04    1.97353e+04    1.04576e+03   -7.40007e+02
          LJ-14     Coulomb-14        LJ (SR)  Disper. corr.   Coulomb (SR)
    5.60799e+03    1.10786e+05    2.45758e+05   -2.33859e+04   -2.82227e+06
   Coul. recip.      Potential    Kinetic En.   Total Energy  Conserved En.
    1.52244e+04   -2.42420e+06    4.35074e+05   -1.98912e+06   -1.93415e+06
    Temperature Pres. DC (bar) Pressure (bar)   Constr. rmsd
    2.99712e+02   -2.29896e+02   -8.55295e+01    0.00000e+00

           Step           Time
        1350000     2700.00000

   Energies (kJ/mol)
           Bond            U-B    Proper Dih.  Improper Dih.      CMAP Dih.
    6.28964e+03    1.71366e+04    1.98190e+04    1.09322e+03   -8.31182e+02
          LJ-14     Coulomb-14        LJ (SR)  Disper. corr.   Coulomb (SR)
    5.73323e+03    1.10885e+05    2.47912e+05   -2.33803e+04   -2.82727e+06
   Coul. recip.      Potential    Kinetic En.   Total Energy  Conserved En.
    1.52874e+04   -2.42732e+06    4.34169e+05   -1.99315e+06   -1.93292e+06
    Temperature Pres. DC (bar) Pressure (bar)   Constr. rmsd
    2.99088e+02   -2.29787e+02   -3.22059e+01    0.00000e+00

           Step           Time
        1375000     2750.00000

   Energies (kJ/mol)
           Bond            U-B    Proper Dih.  Improper Dih.      CMAP Dih.
    6.38108e+03    1.74362e+04    1.97984e+04    9.60188e+02   -8.28179e+02
          LJ-14     Coulomb-14        LJ (SR)  Disper. corr.   Coulomb (SR)
    5.70611e+03    1.10937e+05    2.46219e+05   -2.34510e+04   -2.82604e+06
   Coul. recip.      Potential    Kinetic En.   Total Energy  Conserved En.
    1.52541e+04   -2.42763e+06    4.34381e+05   -1.99325e+06   -1.93185e+06
    Temperature Pres. DC (bar) Pressure (bar)   Constr. rmsd
    2.99234e+02   -2.31177e+02   -6.01577e+01    0.00000e+00

           Step           Time
        1400000     2800.00000

   Energies (kJ/mol)
           Bond            U-B    Proper Dih.  Improper Dih.      CMAP Dih.
    6.37183e+03    1.74526e+04    1.98005e+04    9.54791e+02   -8.45630e+02
          LJ-14     Coulomb-14        LJ (SR)  Disper. corr.   Coulomb (SR)
    5.71441e+03    1.10831e+05    2.46095e+05   -2.34211e+04   -2.82466e+06
   Coul. recip.      Potential    Kinetic En.   Total Energy  Conserved En.
    1.49690e+04   -2.42674e+06    4.35704e+05   -1.99104e+06   -1.93101e+06
    Temperature Pres. DC (bar) Pressure (bar)   Constr. rmsd
    3.00146e+02   -2.30589e+02   -1.17844e+02    0.00000e+00

           Step           Time
        1425000     2850.00000

   Energies (kJ/mol)
           Bond            U-B    Proper Dih.  Improper Dih.      CMAP Dih.
    6.36257e+03    1.73282e+04    1.97397e+04    9.55301e+02   -6.86307e+02
          LJ-14     Coulomb-14        LJ (SR)  Disper. corr.   Coulomb (SR)
    5.71997e+03    1.11169e+05    2.48062e+05   -2.34779e+04   -2.82834e+06
   Coul. recip.      Potential    Kinetic En.   Total Energy  Conserved En.
    1.54300e+04   -2.42774e+06    4.35714e+05   -1.99202e+06   -1.92996e+06
    Temperature Pres. DC (bar) Pressure (bar)   Constr. rmsd
    3.00152e+02   -2.31707e+02   -1.44263e+01    0.00000e+00

           Step           Time
        1450000     2900.00000

   Energies (kJ/mol)
           Bond            U-B    Proper Dih.  Improper Dih.      CMAP Dih.
    6.39379e+03    1.72726e+04    1.97163e+04    1.04223e+03   -7.17104e+02
          LJ-14     Coulomb-14        LJ (SR)  Disper. corr.   Coulomb (SR)
    5.62876e+03    1.10744e+05    2.48568e+05   -2.33594e+04   -2.82632e+06
   Coul. recip.      Potential    Kinetic En.   Total Energy  Conserved En.
    1.53090e+04   -2.42572e+06    4.34927e+05   -1.99079e+06   -1.92874e+06
    Temperature Pres. DC (bar) Pressure (bar)   Constr. rmsd
    2.99611e+02   -2.29376e+02   -3.89169e+01    0.00000e+00

           Step           Time
        1475000     2950.00000

   Energies (kJ/mol)
           Bond            U-B    Proper Dih.  Improper Dih.      CMAP Dih.
    6.41527e+03    1.70599e+04    1.99586e+04    9.65270e+02   -7.32755e+02
          LJ-14     Coulomb-14        LJ (SR)  Disper. corr.   Coulomb (SR)
    5.82964e+03    1.11096e+05    2.50180e+05   -2.34872e+04   -2.83160e+06
   Coul. recip.      Potential    Kinetic En.   Total Energy  Conserved En.
    1.52568e+04   -2.42906e+06    4.35666e+05   -1.99339e+06   -1.92760e+06
    Temperature Pres. DC (bar) Pressure (bar)   Constr. rmsd
    3.00119e+02   -2.31890e+02    1.03543e+02    0.00000e+00

Writing checkpoint, step 1487100 at Mon Jul 14 13:43:27 2025


           Step           Time
        1500000     3000.00000

   Energies (kJ/mol)
           Bond            U-B    Proper Dih.  Improper Dih.      CMAP Dih.
    6.11454e+03    1.74973e+04    1.98419e+04    9.84369e+02   -7.76534e+02
          LJ-14     Coulomb-14        LJ (SR)  Disper. corr.   Coulomb (SR)
    5.85986e+03    1.10760e+05    2.45979e+05   -2.34526e+04   -2.82485e+06
   Coul. recip.      Potential    Kinetic En.   Total Energy  Conserved En.
    1.50778e+04   -2.42696e+06    4.34035e+05   -1.99293e+06   -1.92654e+06
    Temperature Pres. DC (bar) Pressure (bar)   Constr. rmsd
    2.98995e+02   -2.31207e+02    1.05102e+01    0.00000e+00

           Step           Time
        1525000     3050.00000

   Energies (kJ/mol)
           Bond            U-B    Proper Dih.  Improper Dih.      CMAP Dih.
    6.36696e+03    1.72886e+04    1.98093e+04    9.54407e+02   -8.16200e+02
          LJ-14     Coulomb-14        LJ (SR)  Disper. corr.   Coulomb (SR)
    5.64971e+03    1.10875e+05    2.49171e+05   -2.34635e+04   -2.83142e+06
   Coul. recip.      Potential    Kinetic En.   Total Energy  Conserved En.
    1.52598e+04   -2.43032e+06    4.35912e+05   -1.99441e+06   -1.92563e+06
    Temperature Pres. DC (bar) Pressure (bar)   Constr. rmsd
    3.00289e+02   -2.31424e+02    7.03063e+01    0.00000e+00

           Step           Time
        1550000     3100.00000

   Energies (kJ/mol)
           Bond            U-B    Proper Dih.  Improper Dih.      CMAP Dih.
    6.18663e+03    1.73148e+04    2.00090e+04    1.06954e+03   -7.63003e+02
          LJ-14     Coulomb-14        LJ (SR)  Disper. corr.   Coulomb (SR)
    5.74200e+03    1.11196e+05    2.48956e+05   -2.33968e+04   -2.82869e+06
   Coul. recip.      Potential    Kinetic En.   Total Energy  Conserved En.
    1.52727e+04   -2.42710e+06    4.36786e+05   -1.99032e+06   -1.92459e+06
    Temperature Pres. DC (bar) Pressure (bar)   Constr. rmsd
    3.00891e+02   -2.30112e+02   -1.10136e+01    0.00000e+00

           Step           Time
        1575000     3150.00000

   Energies (kJ/mol)
           Bond            U-B    Proper Dih.  Improper Dih.      CMAP Dih.
    6.25487e+03    1.77980e+04    1.98267e+04    1.02327e+03   -7.47888e+02
          LJ-14     Coulomb-14        LJ (SR)  Disper. corr.   Coulomb (SR)
    5.60132e+03    1.10928e+05    2.44727e+05   -2.33991e+04   -2.82419e+06
   Coul. recip.      Potential    Kinetic En.   Total Energy  Conserved En.
    1.52122e+04   -2.42696e+06    4.34792e+05   -1.99217e+06   -1.92359e+06
    Temperature Pres. DC (bar) Pressure (bar)   Constr. rmsd
    2.99517e+02   -2.30156e+02   -1.58782e+02    0.00000e+00

           Step           Time
        1600000     3200.00000

   Energies (kJ/mol)
           Bond            U-B    Proper Dih.  Improper Dih.      CMAP Dih.
    6.17256e+03    1.74984e+04    2.00225e+04    1.08203e+03   -7.86984e+02
          LJ-14     Coulomb-14        LJ (SR)  Disper. corr.   Coulomb (SR)
    5.75436e+03    1.11530e+05    2.48313e+05   -2.34103e+04   -2.82841e+06
   Coul. recip.      Potential    Kinetic En.   Total Energy  Conserved En.
    1.51859e+04   -2.42705e+06    4.35057e+05   -1.99199e+06   -1.92231e+06
    Temperature Pres. DC (bar) Pressure (bar)   Constr. rmsd
    2.99700e+02   -2.30377e+02   -7.67986e+00    0.00000e+00

           Step           Time
        1625000     3250.00000

   Energies (kJ/mol)
           Bond            U-B    Proper Dih.  Improper Dih.      CMAP Dih.
    6.36705e+03    1.72039e+04    1.99329e+04    1.06995e+03   -7.49165e+02
          LJ-14     Coulomb-14        LJ (SR)  Disper. corr.   Coulomb (SR)
    5.70017e+03    1.11213e+05    2.44550e+05   -2.34293e+04   -2.82488e+06
   Coul. recip.      Potential    Kinetic En.   Total Energy  Conserved En.
    1.53361e+04   -2.42768e+06    4.34898e+05   -1.99279e+06   -1.92063e+06
    Temperature Pres. DC (bar) Pressure (bar)   Constr. rmsd
    2.99590e+02   -2.30749e+02   -1.29000e+02    0.00000e+00

           Step           Time
        1650000     3300.00000

   Energies (kJ/mol)
           Bond            U-B    Proper Dih.  Improper Dih.      CMAP Dih.
    6.09661e+03    1.74218e+04    1.97231e+04    1.01865e+03   -7.85681e+02
          LJ-14     Coulomb-14        LJ (SR)  Disper. corr.   Coulomb (SR)
    5.76700e+03    1.11862e+05    2.49886e+05   -2.34536e+04   -2.83294e+06
   Coul. recip.      Potential    Kinetic En.   Total Energy  Conserved En.
    1.51927e+04   -2.43021e+06    4.36244e+05   -1.99397e+06   -1.91958e+06
    Temperature Pres. DC (bar) Pressure (bar)   Constr. rmsd
    3.00517e+02   -2.31228e+02    1.32552e+02    0.00000e+00

           Step           Time
        1675000     3350.00000

   Energies (kJ/mol)
           Bond            U-B    Proper Dih.  Improper Dih.      CMAP Dih.
    6.22111e+03    1.73944e+04    1.97150e+04    9.51126e+02   -7.84505e+02
          LJ-14     Coulomb-14        LJ (SR)  Disper. corr.   Coulomb (SR)
    5.83986e+03    1.11698e+05    2.46272e+05   -2.34762e+04   -2.82590e+06
   Coul. recip.      Potential    Kinetic En.   Total Energy  Conserved En.
    1.49956e+04   -2.42707e+06    4.36790e+05   -1.99028e+06   -1.91863e+06
    Temperature Pres. DC (bar) Pressure (bar)   Constr. rmsd
    3.00894e+02   -2.31674e+02    5.77904e+01    0.00000e+00

           Step           Time
        1700000     3400.00000

   Energies (kJ/mol)
           Bond            U-B    Proper Dih.  Improper Dih.      CMAP Dih.
    6.18468e+03    1.75364e+04    1.98773e+04    1.04469e+03   -7.85642e+02
          LJ-14     Coulomb-14        LJ (SR)  Disper. corr.   Coulomb (SR)
    5.70800e+03    1.11303e+05    2.46271e+05   -2.34369e+04   -2.82629e+06
   Coul. recip.      Potential    Kinetic En.   Total Energy  Conserved En.
    1.52988e+04   -2.42729e+06    4.35915e+05   -1.99138e+06   -1.91755e+06
    Temperature Pres. DC (bar) Pressure (bar)   Constr. rmsd
    3.00291e+02   -2.30898e+02   -7.83780e+01    0.00000e+00

           Step           Time
        1725000     3450.00000

   Energies (kJ/mol)
           Bond            U-B    Proper Dih.  Improper Dih.      CMAP Dih.
    6.45556e+03    1.76243e+04    1.99246e+04    9.45940e+02   -7.39809e+02
          LJ-14     Coulomb-14        LJ (SR)  Disper. corr.   Coulomb (SR)
    5.78063e+03    1.10522e+05    2.48721e+05   -2.34387e+04   -2.82784e+06
   Coul. recip.      Potential    Kinetic En.   Total Energy  Conserved En.
    1.53137e+04   -2.42673e+06    4.35503e+05   -1.99123e+06   -1.91637e+06
    Temperature Pres. DC (bar) Pressure (bar)   Constr. rmsd
    3.00007e+02   -2.30935e+02    2.06217e+01    0.00000e+00

           Step           Time
        1750000     3500.00000

   Energies (kJ/mol)
           Bond            U-B    Proper Dih.  Improper Dih.      CMAP Dih.
    6.32897e+03    1.72195e+04    1.97001e+04    1.02563e+03   -7.38100e+02
          LJ-14     Coulomb-14        LJ (SR)  Disper. corr.   Coulomb (SR)
    5.67589e+03    1.10887e+05    2.48609e+05   -2.35073e+04   -2.83138e+06
   Coul. recip.      Potential    Kinetic En.   Total Energy  Conserved En.
    1.50419e+04   -2.43114e+06    4.34998e+05   -1.99614e+06   -1.91489e+06
    Temperature Pres. DC (bar) Pressure (bar)   Constr. rmsd
    2.99659e+02   -2.32286e+02    2.69543e+01    0.00000e+00

           Step           Time
        1775000     3550.00000

   Energies (kJ/mol)
           Bond            U-B    Proper Dih.  Improper Dih.      CMAP Dih.
    6.32027e+03    1.73283e+04    1.98652e+04    1.06848e+03   -7.36414e+02
          LJ-14     Coulomb-14        LJ (SR)  Disper. corr.   Coulomb (SR)
    5.72889e+03    1.11307e+05    2.49606e+05   -2.34702e+04   -2.83053e+06
   Coul. recip.      Potential    Kinetic En.   Total Energy  Conserved En.
    1.49944e+04   -2.42852e+06    4.34958e+05   -1.99356e+06   -1.91357e+06
    Temperature Pres. DC (bar) Pressure (bar)   Constr. rmsd
    2.99631e+02   -2.31555e+02    4.88271e+01    0.00000e+00

Writing checkpoint, step 1785600 at Mon Jul 14 13:58:27 2025


           Step           Time
        1800000     3600.00000

   Energies (kJ/mol)
           Bond            U-B    Proper Dih.  Improper Dih.      CMAP Dih.
    6.56205e+03    1.71834e+04    1.98944e+04    1.10261e+03   -8.01379e+02
          LJ-14     Coulomb-14        LJ (SR)  Disper. corr.   Coulomb (SR)
    5.68797e+03    1.11318e+05    2.50516e+05   -2.34328e+04   -2.83019e+06
   Coul. recip.      Potential    Kinetic En.   Total Energy  Conserved En.
    1.51563e+04   -2.42700e+06    4.34786e+05   -1.99222e+06   -1.91252e+06
    Temperature Pres. DC (bar) Pressure (bar)   Constr. rmsd
    2.99513e+02   -2.30818e+02    5.43579e+01    0.00000e+00

           Step           Time
        1825000     3650.00000

   Energies (kJ/mol)
           Bond            U-B    Proper Dih.  Improper Dih.      CMAP Dih.
    6.51098e+03    1.72860e+04    1.99156e+04    9.78804e+02   -7.15744e+02
          LJ-14     Coulomb-14        LJ (SR)  Disper. corr.   Coulomb (SR)
    5.69719e+03    1.10785e+05    2.48772e+05   -2.34495e+04   -2.82998e+06
   Coul. recip.      Potential    Kinetic En.   Total Energy  Conserved En.
    1.50599e+04   -2.42914e+06    4.34020e+05   -1.99512e+06   -1.91115e+06
    Temperature Pres. DC (bar) Pressure (bar)   Constr. rmsd
    2.98985e+02   -2.31148e+02   -2.69872e+01    0.00000e+00

           Step           Time
        1850000     3700.00000

   Energies (kJ/mol)
           Bond            U-B    Proper Dih.  Improper Dih.      CMAP Dih.
    6.39347e+03    1.72928e+04    1.97426e+04    1.04032e+03   -7.20123e+02
          LJ-14     Coulomb-14        LJ (SR)  Disper. corr.   Coulomb (SR)
    5.81059e+03    1.11100e+05    2.45340e+05   -2.35107e+04   -2.82644e+06
   Coul. recip.      Potential    Kinetic En.   Total Energy  Conserved En.
    1.52206e+04   -2.42874e+06    4.33596e+05   -1.99514e+06   -1.91006e+06
    Temperature Pres. DC (bar) Pressure (bar)   Constr. rmsd
    2.98694e+02   -2.32354e+02   -6.22412e-01    0.00000e+00

           Step           Time
        1875000     3750.00000

   Energies (kJ/mol)
           Bond            U-B    Proper Dih.  Improper Dih.      CMAP Dih.
    6.31501e+03    1.72894e+04    1.97712e+04    9.82281e+02   -6.83043e+02
          LJ-14     Coulomb-14        LJ (SR)  Disper. corr.   Coulomb (SR)
    5.73052e+03    1.11193e+05    2.48781e+05   -2.34538e+04   -2.83139e+06
   Coul. recip.      Potential    Kinetic En.   Total Energy  Conserved En.
    1.52649e+04   -2.43020e+06    4.37462e+05   -1.99274e+06   -1.90873e+06
    Temperature Pres. DC (bar) Pressure (bar)   Constr. rmsd
    3.01357e+02   -2.31232e+02    1.19301e+01    0.00000e+00

           Step           Time
        1900000     3800.00000

   Energies (kJ/mol)
           Bond            U-B    Proper Dih.  Improper Dih.      CMAP Dih.
    6.46676e+03    1.76340e+04    1.99442e+04    1.01329e+03   -8.44784e+02
          LJ-14     Coulomb-14        LJ (SR)  Disper. corr.   Coulomb (SR)
    5.83468e+03    1.11002e+05    2.50688e+05   -2.35226e+04   -2.83271e+06
   Coul. recip.      Potential    Kinetic En.   Total Energy  Conserved En.
    1.53253e+04   -2.42917e+06    4.36179e+05   -1.99300e+06   -1.90789e+06
    Temperature Pres. DC (bar) Pressure (bar)   Constr. rmsd
    3.00473e+02   -2.32588e+02    1.52767e+02    0.00000e+00

           Step           Time
        1925000     3850.00000

   Energies (kJ/mol)
           Bond            U-B    Proper Dih.  Improper Dih.      CMAP Dih.
    6.29690e+03    1.76049e+04    1.97477e+04    1.00937e+03   -7.68070e+02
          LJ-14     Coulomb-14        LJ (SR)  Disper. corr.   Coulomb (SR)
    5.78643e+03    1.10648e+05    2.45417e+05   -2.33584e+04   -2.82208e+06
   Coul. recip.      Potential    Kinetic En.   Total Energy  Conserved En.
    1.52086e+04   -2.42449e+06    4.35199e+05   -1.98929e+06   -1.90650e+06
    Temperature Pres. DC (bar) Pressure (bar)   Constr. rmsd
    2.99797e+02   -2.29356e+02   -1.17649e+02    0.00000e+00

           Step           Time
        1950000     3900.00000

   Energies (kJ/mol)
           Bond            U-B    Proper Dih.  Improper Dih.      CMAP Dih.
    6.35170e+03    1.73936e+04    1.99117e+04    9.97021e+02   -6.99742e+02
          LJ-14     Coulomb-14        LJ (SR)  Disper. corr.   Coulomb (SR)
    5.67521e+03    1.11505e+05    2.45574e+05   -2.34356e+04   -2.82476e+06
   Coul. recip.      Potential    Kinetic En.   Total Energy  Conserved En.
    1.51365e+04   -2.42635e+06    4.36264e+05   -1.99009e+06   -1.90536e+06
    Temperature Pres. DC (bar) Pressure (bar)   Constr. rmsd
    3.00532e+02   -2.30874e+02   -1.09418e+02    0.00000e+00

           Step           Time
        1975000     3950.00000

   Energies (kJ/mol)
           Bond            U-B    Proper Dih.  Improper Dih.      CMAP Dih.
    6.40830e+03    1.73437e+04    1.96852e+04    1.05837e+03   -7.29245e+02
          LJ-14     Coulomb-14        LJ (SR)  Disper. corr.   Coulomb (SR)
    5.47048e+03    1.10784e+05    2.47319e+05   -2.34327e+04   -2.82833e+06
   Coul. recip.      Potential    Kinetic En.   Total Energy  Conserved En.
    1.51167e+04   -2.42931e+06    4.33419e+05   -1.99589e+06   -1.90427e+06
    Temperature Pres. DC (bar) Pressure (bar)   Constr. rmsd
    2.98571e+02   -2.30816e+02   -1.22131e+02    0.00000e+00

           Step           Time
        2000000     4000.00000

   Energies (kJ/mol)
           Bond            U-B    Proper Dih.  Improper Dih.      CMAP Dih.
    6.47287e+03    1.74030e+04    1.98697e+04    9.71497e+02   -7.41598e+02
          LJ-14     Coulomb-14        LJ (SR)  Disper. corr.   Coulomb (SR)
    5.71220e+03    1.11229e+05    2.50231e+05   -2.34594e+04   -2.83198e+06
   Coul. recip.      Potential    Kinetic En.   Total Energy  Conserved En.
    1.50230e+04   -2.42927e+06    4.35051e+05   -1.99422e+06   -1.90298e+06
    Temperature Pres. DC (bar) Pressure (bar)   Constr. rmsd
    2.99695e+02   -2.31341e+02    1.16306e+02    0.00000e+00

           Step           Time
        2025000     4050.00000

   Energies (kJ/mol)
           Bond            U-B    Proper Dih.  Improper Dih.      CMAP Dih.
    6.11602e+03    1.73109e+04    1.97717e+04    1.04891e+03   -6.43790e+02
          LJ-14     Coulomb-14        LJ (SR)  Disper. corr.   Coulomb (SR)
    5.89542e+03    1.10824e+05    2.47989e+05   -2.34564e+04   -2.82809e+06
   Coul. recip.      Potential    Kinetic En.   Total Energy  Conserved En.
    1.51850e+04   -2.42805e+06    4.34795e+05   -1.99325e+06   -1.90190e+06
    Temperature Pres. DC (bar) Pressure (bar)   Constr. rmsd
    2.99519e+02   -2.31282e+02    5.60500e+01    0.00000e+00

           Step           Time
        2050000     4100.00000

   Energies (kJ/mol)
           Bond            U-B    Proper Dih.  Improper Dih.      CMAP Dih.
    6.30652e+03    1.75522e+04    1.95533e+04    9.93220e+02   -6.98221e+02
          LJ-14     Coulomb-14        LJ (SR)  Disper. corr.   Coulomb (SR)
    5.78270e+03    1.10941e+05    2.44795e+05   -2.33729e+04   -2.82325e+06
   Coul. recip.      Potential    Kinetic En.   Total Energy  Conserved En.
    1.49765e+04   -2.42642e+06    4.34866e+05   -1.99156e+06   -1.90088e+06
    Temperature Pres. DC (bar) Pressure (bar)   Constr. rmsd
    2.99568e+02   -2.29641e+02   -1.28165e+02    0.00000e+00

           Step           Time
        2075000     4150.00000

   Energies (kJ/mol)
           Bond            U-B    Proper Dih.  Improper Dih.      CMAP Dih.
    6.32710e+03    1.74958e+04    1.96920e+04    9.67628e+02   -8.11047e+02
          LJ-14     Coulomb-14        LJ (SR)  Disper. corr.   Coulomb (SR)
    5.64554e+03    1.10433e+05    2.48161e+05   -2.34379e+04   -2.82950e+06
   Coul. recip.      Potential    Kinetic En.   Total Energy  Conserved En.
    1.51526e+04   -2.42988e+06    4.34304e+05   -1.99557e+06   -1.89971e+06
    Temperature Pres. DC (bar) Pressure (bar)   Constr. rmsd
    2.99181e+02   -2.30919e+02    2.23330e+01    0.00000e+00

Writing checkpoint, step 2085100 at Mon Jul 14 14:13:27 2025


           Step           Time
        2100000     4200.00000

   Energies (kJ/mol)
           Bond            U-B    Proper Dih.  Improper Dih.      CMAP Dih.
    6.33952e+03    1.72548e+04    1.99274e+04    9.91224e+02   -6.95856e+02
          LJ-14     Coulomb-14        LJ (SR)  Disper. corr.   Coulomb (SR)
    5.70910e+03    1.11021e+05    2.49325e+05   -2.34809e+04   -2.83167e+06
   Coul. recip.      Potential    Kinetic En.   Total Energy  Conserved En.
    1.53049e+04   -2.42998e+06    4.35122e+05   -1.99485e+06   -1.89842e+06
    Temperature Pres. DC (bar) Pressure (bar)   Constr. rmsd
    2.99744e+02   -2.31766e+02    3.78602e+01    0.00000e+00

           Step           Time
        2125000     4250.00000

   Energies (kJ/mol)
           Bond            U-B    Proper Dih.  Improper Dih.      CMAP Dih.
    6.21949e+03    1.68584e+04    1.99977e+04    9.87823e+02   -7.41931e+02
          LJ-14     Coulomb-14        LJ (SR)  Disper. corr.   Coulomb (SR)
    5.82925e+03    1.11305e+05    2.46456e+05   -2.34385e+04   -2.82849e+06
   Coul. recip.      Potential    Kinetic En.   Total Energy  Conserved En.
    1.51455e+04   -2.42987e+06    4.34154e+05   -1.99572e+06   -1.89687e+06
    Temperature Pres. DC (bar) Pressure (bar)   Constr. rmsd
    2.99078e+02   -2.30930e+02   -1.60777e+01    0.00000e+00

           Step           Time
        2150000     4300.00000

   Energies (kJ/mol)
           Bond            U-B    Proper Dih.  Improper Dih.      CMAP Dih.
    6.12848e+03    1.74547e+04    1.98301e+04    1.03052e+03   -7.68674e+02
          LJ-14     Coulomb-14        LJ (SR)  Disper. corr.   Coulomb (SR)
    5.79210e+03    1.11418e+05    2.47979e+05   -2.34854e+04   -2.83004e+06
   Coul. recip.      Potential    Kinetic En.   Total Energy  Conserved En.
    1.49992e+04   -2.42966e+06    4.35581e+05   -1.99408e+06   -1.89554e+06
    Temperature Pres. DC (bar) Pressure (bar)   Constr. rmsd
    3.00061e+02   -2.31854e+02    3.38289e+01    0.00000e+00

           Step           Time
        2175000     4350.00000

   Energies (kJ/mol)
           Bond            U-B    Proper Dih.  Improper Dih.      CMAP Dih.
    6.31151e+03    1.73184e+04    1.99866e+04    1.06405e+03   -8.19573e+02
          LJ-14     Coulomb-14        LJ (SR)  Disper. corr.   Coulomb (SR)
    5.81431e+03    1.11332e+05    2.50426e+05   -2.34804e+04   -2.83017e+06
   Coul. recip.      Potential    Kinetic En.   Total Energy  Conserved En.
    1.53151e+04   -2.42690e+06    4.36119e+05   -1.99078e+06   -1.89437e+06
    Temperature Pres. DC (bar) Pressure (bar)   Constr. rmsd
    3.00432e+02   -2.31757e+02    1.44410e+02    0.00000e+00

           Step           Time
        2200000     4400.00000

   Energies (kJ/mol)
           Bond            U-B    Proper Dih.  Improper Dih.      CMAP Dih.
    6.26953e+03    1.73849e+04    1.97623e+04    1.04302e+03   -7.84418e+02
          LJ-14     Coulomb-14        LJ (SR)  Disper. corr.   Coulomb (SR)
    5.73032e+03    1.10985e+05    2.50660e+05   -2.34889e+04   -2.83347e+06
   Coul. recip.      Potential    Kinetic En.   Total Energy  Conserved En.
    1.52392e+04   -2.43067e+06    4.35219e+05   -1.99545e+06   -1.89314e+06
    Temperature Pres. DC (bar) Pressure (bar)   Constr. rmsd
    2.99811e+02   -2.31924e+02    1.21296e+02    0.00000e+00

           Step           Time
        2225000     4450.00000

   Energies (kJ/mol)
           Bond            U-B    Proper Dih.  Improper Dih.      CMAP Dih.
    6.33528e+03    1.74807e+04    1.98028e+04    1.02941e+03   -7.75169e+02
          LJ-14     Coulomb-14        LJ (SR)  Disper. corr.   Coulomb (SR)
    5.71910e+03    1.11131e+05    2.51358e+05   -2.34851e+04   -2.83451e+06
   Coul. recip.      Potential    Kinetic En.   Total Energy  Conserved En.
    1.52108e+04   -2.43070e+06    4.36443e+05   -1.99426e+06   -1.89208e+06
    Temperature Pres. DC (bar) Pressure (bar)   Constr. rmsd
    3.00655e+02   -2.31850e+02    1.43931e+02    0.00000e+00

           Step           Time
        2250000     4500.00000

   Energies (kJ/mol)
           Bond            U-B    Proper Dih.  Improper Dih.      CMAP Dih.
    6.55648e+03    1.72522e+04    1.97959e+04    9.95316e+02   -7.03272e+02
          LJ-14     Coulomb-14        LJ (SR)  Disper. corr.   Coulomb (SR)
    5.62253e+03    1.11096e+05    2.48592e+05   -2.34208e+04   -2.83038e+06
   Coul. recip.      Potential    Kinetic En.   Total Energy  Conserved En.
    1.54406e+04   -2.42915e+06    4.34978e+05   -1.99417e+06   -1.89125e+06
    Temperature Pres. DC (bar) Pressure (bar)   Constr. rmsd
    2.99645e+02   -2.30582e+02   -3.24910e+01    0.00000e+00

           Step           Time
        2275000     4550.00000

   Energies (kJ/mol)
           Bond            U-B    Proper Dih.  Improper Dih.      CMAP Dih.
    6.28502e+03    1.74389e+04    1.99121e+04    1.06323e+03   -8.88177e+02
          LJ-14     Coulomb-14        LJ (SR)  Disper. corr.   Coulomb (SR)
    5.80573e+03    1.11038e+05    2.48470e+05   -2.34875e+04   -2.82908e+06
   Coul. recip.      Potential    Kinetic En.   Total Energy  Conserved En.
    1.51331e+04   -2.42831e+06    4.35597e+05   -1.99271e+06   -1.89024e+06
    Temperature Pres. DC (bar) Pressure (bar)   Constr. rmsd
    3.00072e+02   -2.31895e+02    5.16438e+01    0.00000e+00

           Step           Time
        2300000     4600.00000

   Energies (kJ/mol)
           Bond            U-B    Proper Dih.  Improper Dih.      CMAP Dih.
    6.37086e+03    1.72431e+04    1.97788e+04    1.01461e+03   -6.27207e+02
          LJ-14     Coulomb-14        LJ (SR)  Disper. corr.   Coulomb (SR)
    5.70373e+03    1.10902e+05    2.46210e+05   -2.34349e+04   -2.82702e+06
   Coul. recip.      Potential    Kinetic En.   Total Energy  Conserved En.
    1.51945e+04   -2.42866e+06    4.33919e+05   -1.99474e+06   -1.88865e+06
    Temperature Pres. DC (bar) Pressure (bar)   Constr. rmsd
    2.98916e+02   -2.30860e+02   -1.19544e+02    0.00000e+00

           Step           Time
        2325000     4650.00000

   Energies (kJ/mol)
           Bond            U-B    Proper Dih.  Improper Dih.      CMAP Dih.
    6.25226e+03    1.72859e+04    1.98264e+04    1.00305e+03   -7.68686e+02
          LJ-14     Coulomb-14        LJ (SR)  Disper. corr.   Coulomb (SR)
    5.71267e+03    1.11215e+05    2.48448e+05   -2.34907e+04   -2.83000e+06
   Coul. recip.      Potential    Kinetic En.   Total Energy  Conserved En.
    1.50906e+04   -2.42942e+06    4.37081e+05   -1.99234e+06   -1.88746e+06
    Temperature Pres. DC (bar) Pressure (bar)   Constr. rmsd
    3.01094e+02   -2.31960e+02    8.98757e+00    0.00000e+00

           Step           Time
        2350000     4700.00000

   Energies (kJ/mol)
           Bond            U-B    Proper Dih.  Improper Dih.      CMAP Dih.
    6.51329e+03    1.73132e+04    1.97952e+04    9.76888e+02   -8.36922e+02
          LJ-14     Coulomb-14        LJ (SR)  Disper. corr.   Coulomb (SR)
    5.61355e+03    1.10800e+05    2.47703e+05   -2.34958e+04   -2.82874e+06
   Coul. recip.      Potential    Kinetic En.   Total Energy  Conserved En.
    1.51931e+04   -2.42916e+06    4.33353e+05   -1.99581e+06   -1.88630e+06
    Temperature Pres. DC (bar) Pressure (bar)   Constr. rmsd
    2.98526e+02   -2.32060e+02    9.52603e+00    0.00000e+00

           Step           Time
        2375000     4750.00000

   Energies (kJ/mol)
           Bond            U-B    Proper Dih.  Improper Dih.      CMAP Dih.
    6.35786e+03    1.69251e+04    1.99041e+04    1.00338e+03   -7.62507e+02
          LJ-14     Coulomb-14        LJ (SR)  Disper. corr.   Coulomb (SR)
    5.78179e+03    1.11202e+05    2.48243e+05   -2.34196e+04   -2.82807e+06
   Coul. recip.      Potential    Kinetic En.   Total Energy  Conserved En.
    1.52301e+04   -2.42760e+06    4.35561e+05   -1.99204e+06   -1.88529e+06
    Temperature Pres. DC (bar) Pressure (bar)   Constr. rmsd
    3.00047e+02   -2.30558e+02   -3.61361e+01    0.00000e+00

Writing checkpoint, step 2383600 at Mon Jul 14 14:28:27 2025


           Step           Time
        2400000     4800.00000

   Energies (kJ/mol)
           Bond            U-B    Proper Dih.  Improper Dih.      CMAP Dih.
    6.49983e+03    1.74184e+04    2.00545e+04    9.93609e+02   -7.88133e+02
          LJ-14     Coulomb-14        LJ (SR)  Disper. corr.   Coulomb (SR)
    5.72779e+03    1.11228e+05    2.47846e+05   -2.34171e+04   -2.82832e+06
   Coul. recip.      Potential    Kinetic En.   Total Energy  Conserved En.
    1.50358e+04   -2.42772e+06    4.36031e+05   -1.99169e+06   -1.88418e+06
    Temperature Pres. DC (bar) Pressure (bar)   Constr. rmsd
    3.00371e+02   -2.30510e+02   -2.97721e+01    0.00000e+00

           Step           Time
        2425000     4850.00000

   Energies (kJ/mol)
           Bond            U-B    Proper Dih.  Improper Dih.      CMAP Dih.
    6.47778e+03    1.70743e+04    1.97560e+04    1.05399e+03   -7.17316e+02
          LJ-14     Coulomb-14        LJ (SR)  Disper. corr.   Coulomb (SR)
    5.65964e+03    1.11062e+05    2.48519e+05   -2.35127e+04   -2.83304e+06
   Coul. recip.      Potential    Kinetic En.   Total Energy  Conserved En.
    1.50872e+04   -2.43258e+06    4.35633e+05   -1.99695e+06   -1.88312e+06
    Temperature Pres. DC (bar) Pressure (bar)   Constr. rmsd
    3.00097e+02   -2.32393e+02   -2.17602e+01    0.00000e+00

           Step           Time
        2450000     4900.00000

   Energies (kJ/mol)
           Bond            U-B    Proper Dih.  Improper Dih.      CMAP Dih.
    6.50765e+03    1.73923e+04    1.99423e+04    1.04098e+03   -8.32403e+02
          LJ-14     Coulomb-14        LJ (SR)  Disper. corr.   Coulomb (SR)
    5.64622e+03    1.11294e+05    2.49009e+05   -2.34074e+04   -2.82727e+06
   Coul. recip.      Potential    Kinetic En.   Total Energy  Conserved En.
    1.51059e+04   -2.42557e+06    4.37881e+05   -1.98769e+06   -1.88181e+06
    Temperature Pres. DC (bar) Pressure (bar)   Constr. rmsd
    3.01645e+02   -2.30320e+02    4.17766e+01    0.00000e+00

           Step           Time
        2475000     4950.00000

   Energies (kJ/mol)
           Bond            U-B    Proper Dih.  Improper Dih.      CMAP Dih.
    6.15994e+03    1.73864e+04    1.99938e+04    1.07827e+03   -7.29694e+02
          LJ-14     Coulomb-14        LJ (SR)  Disper. corr.   Coulomb (SR)
    5.72995e+03    1.11113e+05    2.47371e+05   -2.34877e+04   -2.82738e+06
   Coul. recip.      Potential    Kinetic En.   Total Energy  Conserved En.
    1.52381e+04   -2.42752e+06    4.35606e+05   -1.99192e+06   -1.88046e+06
    Temperature Pres. DC (bar) Pressure (bar)   Constr. rmsd
    3.00078e+02   -2.31899e+02    1.23064e+01    0.00000e+00

           Step           Time
        2500000     5000.00000

   Energies (kJ/mol)
           Bond            U-B    Proper Dih.  Improper Dih.      CMAP Dih.
    6.37751e+03    1.72029e+04    1.98060e+04    9.70580e+02   -7.65381e+02
          LJ-14     Coulomb-14        LJ (SR)  Disper. corr.   Coulomb (SR)
    5.60316e+03    1.10841e+05    2.50607e+05   -2.34813e+04   -2.83216e+06
   Coul. recip.      Potential    Kinetic En.   Total Energy  Conserved En.
    1.51193e+04   -2.42988e+06    4.34080e+05   -1.99580e+06   -1.87948e+06
    Temperature Pres. DC (bar) Pressure (bar)   Constr. rmsd
    2.99027e+02   -2.31774e+02    9.51638e+01    0.00000e+00

           Step           Time
        2525000     5050.00000

   Energies (kJ/mol)
           Bond            U-B    Proper Dih.  Improper Dih.      CMAP Dih.
    6.65341e+03    1.76845e+04    1.98763e+04    1.02423e+03   -8.68230e+02
          LJ-14     Coulomb-14        LJ (SR)  Disper. corr.   Coulomb (SR)
    5.76135e+03    1.11061e+05    2.46678e+05   -2.34417e+04   -2.82702e+06
   Coul. recip.      Potential    Kinetic En.   Total Energy  Conserved En.
    1.52969e+04   -2.42730e+06    4.35233e+05   -1.99206e+06   -1.87812e+06
    Temperature Pres. DC (bar) Pressure (bar)   Constr. rmsd
    2.99821e+02   -2.30994e+02   -3.82751e+01    0.00000e+00

           Step           Time
        2550000     5100.00000

   Energies (kJ/mol)
           Bond            U-B    Proper Dih.  Improper Dih.      CMAP Dih.
    6.36263e+03    1.69094e+04    1.98901e+04    9.62775e+02   -8.60480e+02
          LJ-14     Coulomb-14        LJ (SR)  Disper. corr.   Coulomb (SR)
    5.78544e+03    1.11284e+05    2.46782e+05   -2.34235e+04   -2.82598e+06
   Coul. recip.      Potential    Kinetic En.   Total Energy  Conserved En.
    1.52526e+04   -2.42703e+06    4.33314e+05   -1.99372e+06   -1.87627e+06
    Temperature Pres. DC (bar) Pressure (bar)   Constr. rmsd
    2.98499e+02   -2.30636e+02   -8.41775e+01    0.00000e+00

           Step           Time
        2575000     5150.00000

   Energies (kJ/mol)
           Bond            U-B    Proper Dih.  Improper Dih.      CMAP Dih.
    6.08408e+03    1.73678e+04    1.97319e+04    9.57538e+02   -7.25712e+02
          LJ-14     Coulomb-14        LJ (SR)  Disper. corr.   Coulomb (SR)
    5.61943e+03    1.11034e+05    2.52230e+05   -2.34605e+04   -2.83539e+06
   Coul. recip.      Potential    Kinetic En.   Total Energy  Conserved En.
    1.51660e+04   -2.43139e+06    4.33182e+05   -1.99821e+06   -1.87516e+06
    Temperature Pres. DC (bar) Pressure (bar)   Constr. rmsd
    2.98408e+02   -2.31364e+02    1.13720e+02    0.00000e+00

           Step           Time
        2600000     5200.00000

   Energies (kJ/mol)
           Bond            U-B    Proper Dih.  Improper Dih.      CMAP Dih.
    6.40649e+03    1.77203e+04    1.99507e+04    1.13805e+03   -7.77114e+02
          LJ-14     Coulomb-14        LJ (SR)  Disper. corr.   Coulomb (SR)
    5.59912e+03    1.11063e+05    2.47692e+05   -2.34018e+04   -2.82637e+06
   Coul. recip.      Potential    Kinetic En.   Total Energy  Conserved En.
    1.52901e+04   -2.42569e+06    4.36549e+05   -1.98914e+06   -1.87384e+06
    Temperature Pres. DC (bar) Pressure (bar)   Constr. rmsd
    3.00728e+02   -2.30209e+02    1.40866e+01    0.00000e+00

           Step           Time
        2625000     5250.00000

   Energies (kJ/mol)
           Bond            U-B    Proper Dih.  Improper Dih.      CMAP Dih.
    6.26242e+03    1.74927e+04    1.97615e+04    1.05479e+03   -7.67303e+02
          LJ-14     Coulomb-14        LJ (SR)  Disper. corr.   Coulomb (SR)
    5.60318e+03    1.11502e+05    2.47150e+05   -2.34936e+04   -2.82710e+06
   Coul. recip.      Potential    Kinetic En.   Total Energy  Conserved En.
    1.52986e+04   -2.42723e+06    4.34857e+05   -1.99238e+06   -1.87250e+06
    Temperature Pres. DC (bar) Pressure (bar)   Constr. rmsd
    2.99562e+02   -2.32017e+02   -7.07543e+00    0.00000e+00

           Step           Time
        2650000     5300.00000

   Energies (kJ/mol)
           Bond            U-B    Proper Dih.  Improper Dih.      CMAP Dih.
    6.48379e+03    1.69068e+04    1.99796e+04    9.83250e+02   -7.80147e+02
          LJ-14     Coulomb-14        LJ (SR)  Disper. corr.   Coulomb (SR)
    5.59563e+03    1.10966e+05    2.49102e+05   -2.34356e+04   -2.83181e+06
   Coul. recip.      Potential    Kinetic En.   Total Energy  Conserved En.
    1.51366e+04   -2.43087e+06    4.35244e+05   -1.99563e+06   -1.87133e+06
    Temperature Pres. DC (bar) Pressure (bar)   Constr. rmsd
    2.99829e+02   -2.30873e+02   -3.74686e+01    0.00000e+00

           Step           Time
        2675000     5350.00000

   Energies (kJ/mol)
           Bond            U-B    Proper Dih.  Improper Dih.      CMAP Dih.
    6.27071e+03    1.73160e+04    1.98711e+04    1.09598e+03   -8.33377e+02
          LJ-14     Coulomb-14        LJ (SR)  Disper. corr.   Coulomb (SR)
    5.68446e+03    1.11736e+05    2.47510e+05   -2.34287e+04   -2.82514e+06
   Coul. recip.      Potential    Kinetic En.   Total Energy  Conserved En.
    1.51416e+04   -2.42478e+06    4.34111e+05   -1.99067e+06   -1.87012e+06
    Temperature Pres. DC (bar) Pressure (bar)   Constr. rmsd
    2.99048e+02   -2.30739e+02    3.46130e+01    0.00000e+00

Writing checkpoint, step 2682900 at Mon Jul 14 14:43:27 2025


           Step           Time
        2700000     5400.00000

   Energies (kJ/mol)
           Bond            U-B    Proper Dih.  Improper Dih.      CMAP Dih.
    6.25488e+03    1.71547e+04    1.97268e+04    1.06408e+03   -8.36479e+02
          LJ-14     Coulomb-14        LJ (SR)  Disper. corr.   Coulomb (SR)
    5.66944e+03    1.11669e+05    2.49825e+05   -2.35645e+04   -2.83380e+06
   Coul. recip.      Potential    Kinetic En.   Total Energy  Conserved En.
    1.49806e+04   -2.43185e+06    4.35564e+05   -1.99629e+06   -1.86927e+06
    Temperature Pres. DC (bar) Pressure (bar)   Constr. rmsd
    3.00049e+02   -2.33416e+02    1.05037e+02    0.00000e+00

           Step           Time
        2725000     5450.00000

   Energies (kJ/mol)
           Bond            U-B    Proper Dih.  Improper Dih.      CMAP Dih.
    6.25867e+03    1.71701e+04    1.99504e+04    1.01717e+03   -8.30613e+02
          LJ-14     Coulomb-14        LJ (SR)  Disper. corr.   Coulomb (SR)
    5.67707e+03    1.11698e+05    2.50494e+05   -2.34928e+04   -2.83212e+06
   Coul. recip.      Potential    Kinetic En.   Total Energy  Conserved En.
    1.51855e+04   -2.42899e+06    4.35315e+05   -1.99368e+06   -1.86778e+06
    Temperature Pres. DC (bar) Pressure (bar)   Constr. rmsd
    2.99878e+02   -2.32001e+02    1.70823e+02    0.00000e+00

           Step           Time
        2750000     5500.00000

   Energies (kJ/mol)
           Bond            U-B    Proper Dih.  Improper Dih.      CMAP Dih.
    6.26176e+03    1.75119e+04    2.00178e+04    9.91732e+02   -9.15256e+02
          LJ-14     Coulomb-14        LJ (SR)  Disper. corr.   Coulomb (SR)
    5.65461e+03    1.10875e+05    2.47112e+05   -2.34505e+04   -2.82912e+06
   Coul. recip.      Potential    Kinetic En.   Total Energy  Conserved En.
    1.50200e+04   -2.43004e+06    4.35162e+05   -1.99488e+06   -1.86680e+06
    Temperature Pres. DC (bar) Pressure (bar)   Constr. rmsd
    2.99772e+02   -2.31167e+02   -3.46232e+01    0.00000e+00

           Step           Time
        2775000     5550.00000

   Energies (kJ/mol)
           Bond            U-B    Proper Dih.  Improper Dih.      CMAP Dih.
    6.64826e+03    1.73678e+04    1.99211e+04    9.42972e+02   -7.70736e+02
          LJ-14     Coulomb-14        LJ (SR)  Disper. corr.   Coulomb (SR)
    5.70386e+03    1.11276e+05    2.46477e+05   -2.34204e+04   -2.82605e+06
   Coul. recip.      Potential    Kinetic En.   Total Energy  Conserved En.
    1.53299e+04   -2.42657e+06    4.36598e+05   -1.98998e+06   -1.86526e+06
    Temperature Pres. DC (bar) Pressure (bar)   Constr. rmsd
    3.00761e+02   -2.30574e+02   -9.04248e+01    0.00000e+00

           Step           Time
        2800000     5600.00000

   Energies (kJ/mol)
           Bond            U-B    Proper Dih.  Improper Dih.      CMAP Dih.
    6.22469e+03    1.71265e+04    1.98552e+04    1.00633e+03   -7.63317e+02
          LJ-14     Coulomb-14        LJ (SR)  Disper. corr.   Coulomb (SR)
    5.85363e+03    1.11764e+05    2.47100e+05   -2.35234e+04   -2.82736e+06
   Coul. recip.      Potential    Kinetic En.   Total Energy  Conserved En.
    1.49658e+04   -2.42775e+06    4.34423e+05   -1.99333e+06   -1.86423e+06
    Temperature Pres. DC (bar) Pressure (bar)   Constr. rmsd
    2.99263e+02   -2.32604e+02    7.65562e+01    0.00000e+00

           Step           Time
        2825000     5650.00000

   Energies (kJ/mol)
           Bond            U-B    Proper Dih.  Improper Dih.      CMAP Dih.
    6.38071e+03    1.74331e+04    2.00252e+04    1.08888e+03   -8.11162e+02
          LJ-14     Coulomb-14        LJ (SR)  Disper. corr.   Coulomb (SR)
    5.64556e+03    1.11488e+05    2.52348e+05   -2.34521e+04   -2.83349e+06
   Coul. recip.      Potential    Kinetic En.   Total Energy  Conserved En.
    1.51106e+04   -2.42823e+06    4.35294e+05   -1.99294e+06   -1.86311e+06
    Temperature Pres. DC (bar) Pressure (bar)   Constr. rmsd
    2.99863e+02   -2.31199e+02    1.56190e+02    0.00000e+00

           Step           Time
        2850000     5700.00000

   Energies (kJ/mol)
           Bond            U-B    Proper Dih.  Improper Dih.      CMAP Dih.
    6.30176e+03    1.71393e+04    2.00060e+04    9.83849e+02   -7.05430e+02
          LJ-14     Coulomb-14        LJ (SR)  Disper. corr.   Coulomb (SR)
    5.80322e+03    1.11537e+05    2.49344e+05   -2.34576e+04   -2.83037e+06
   Coul. recip.      Potential    Kinetic En.   Total Energy  Conserved En.
    1.52740e+04   -2.42814e+06    4.34798e+05   -1.99334e+06   -1.86216e+06
    Temperature Pres. DC (bar) Pressure (bar)   Constr. rmsd
    2.99521e+02   -2.31307e+02    9.34725e+01    0.00000e+00

           Step           Time
        2875000     5750.00000

   Energies (kJ/mol)
           Bond            U-B    Proper Dih.  Improper Dih.      CMAP Dih.
    6.51876e+03    1.72104e+04    1.99541e+04    8.92585e+02   -8.25456e+02
          LJ-14     Coulomb-14        LJ (SR)  Disper. corr.   Coulomb (SR)
    5.65158e+03    1.11529e+05    2.48970e+05   -2.34632e+04   -2.83129e+06
   Coul. recip.      Potential    Kinetic En.   Total Energy  Conserved En.
    1.51481e+04   -2.42970e+06    4.33760e+05   -1.99594e+06   -1.86103e+06
    Temperature Pres. DC (bar) Pressure (bar)   Constr. rmsd
    2.98807e+02   -2.31418e+02    2.25670e+01    0.00000e+00

           Step           Time
        2900000     5800.00000

   Energies (kJ/mol)
           Bond            U-B    Proper Dih.  Improper Dih.      CMAP Dih.
    6.27040e+03    1.74406e+04    1.98229e+04    1.01907e+03   -8.28005e+02
          LJ-14     Coulomb-14        LJ (SR)  Disper. corr.   Coulomb (SR)
    5.73220e+03    1.10958e+05    2.49144e+05   -2.34681e+04   -2.83206e+06
   Coul. recip.      Potential    Kinetic En.   Total Energy  Conserved En.
    1.50398e+04   -2.43093e+06    4.37457e+05   -1.99348e+06   -1.85969e+06
    Temperature Pres. DC (bar) Pressure (bar)   Constr. rmsd
    3.01353e+02   -2.31513e+02    1.99603e+01    0.00000e+00

           Step           Time
        2925000     5850.00000

   Energies (kJ/mol)
           Bond            U-B    Proper Dih.  Improper Dih.      CMAP Dih.
    6.30349e+03    1.73594e+04    1.98923e+04    9.78144e+02   -7.02491e+02
          LJ-14     Coulomb-14        LJ (SR)  Disper. corr.   Coulomb (SR)
    5.64462e+03    1.11128e+05    2.49619e+05   -2.34039e+04   -2.83190e+06
   Coul. recip.      Potential    Kinetic En.   Total Energy  Conserved En.
    1.51510e+04   -2.42993e+06    4.35202e+05   -1.99473e+06   -1.85853e+06
    Temperature Pres. DC (bar) Pressure (bar)   Constr. rmsd
    2.99800e+02   -2.30250e+02    9.22565e+00    0.00000e+00

           Step           Time
        2950000     5900.00000

   Energies (kJ/mol)
           Bond            U-B    Proper Dih.  Improper Dih.      CMAP Dih.
    6.34828e+03    1.73328e+04    1.98392e+04    9.80101e+02   -8.23857e+02
          LJ-14     Coulomb-14        LJ (SR)  Disper. corr.   Coulomb (SR)
    5.67726e+03    1.11487e+05    2.48360e+05   -2.35012e+04   -2.82901e+06
   Coul. recip.      Potential    Kinetic En.   Total Energy  Conserved En.
    1.52533e+04   -2.42806e+06    4.36434e+05   -1.99162e+06   -1.85727e+06
    Temperature Pres. DC (bar) Pressure (bar)   Constr. rmsd
    3.00648e+02   -2.32167e+02    3.42724e+01    0.00000e+00

           Step           Time
        2975000     5950.00000

   Energies (kJ/mol)
           Bond            U-B    Proper Dih.  Improper Dih.      CMAP Dih.
    6.25279e+03    1.76156e+04    1.98631e+04    9.95229e+02   -9.09783e+02
          LJ-14     Coulomb-14        LJ (SR)  Disper. corr.   Coulomb (SR)
    5.78577e+03    1.11754e+05    2.48662e+05   -2.34192e+04   -2.82794e+06
   Coul. recip.      Potential    Kinetic En.   Total Energy  Conserved En.
    1.51148e+04   -2.42622e+06    4.34246e+05   -1.99197e+06   -1.85615e+06
    Temperature Pres. DC (bar) Pressure (bar)   Constr. rmsd
    2.99141e+02   -2.30550e+02    2.63883e+00    0.00000e+00

Writing checkpoint, step 2977800 at Mon Jul 14 14:58:27 2025


           Step           Time
        3000000     6000.00000

   Energies (kJ/mol)
           Bond            U-B    Proper Dih.  Improper Dih.      CMAP Dih.
    6.49412e+03    1.68388e+04    1.99495e+04    9.63993e+02   -8.06683e+02
          LJ-14     Coulomb-14        LJ (SR)  Disper. corr.   Coulomb (SR)
    5.83242e+03    1.11655e+05    2.46898e+05   -2.34095e+04   -2.82614e+06
   Coul. recip.      Potential    Kinetic En.   Total Energy  Conserved En.
    1.52751e+04   -2.42645e+06    4.35738e+05   -1.99071e+06   -1.85489e+06
    Temperature Pres. DC (bar) Pressure (bar)   Constr. rmsd
    3.00169e+02   -2.30359e+02   -4.78351e+01    0.00000e+00

           Step           Time
        3025000     6050.00000

   Energies (kJ/mol)
           Bond            U-B    Proper Dih.  Improper Dih.      CMAP Dih.
    6.23623e+03    1.72522e+04    1.99003e+04    9.94735e+02   -8.14599e+02
          LJ-14     Coulomb-14        LJ (SR)  Disper. corr.   Coulomb (SR)
    5.76651e+03    1.11181e+05    2.49706e+05   -2.34583e+04   -2.82973e+06
   Coul. recip.      Potential    Kinetic En.   Total Energy  Conserved En.
    1.51629e+04   -2.42781e+06    4.34988e+05   -1.99282e+06   -1.85323e+06
    Temperature Pres. DC (bar) Pressure (bar)   Constr. rmsd
    2.99652e+02   -2.31320e+02    9.02097e+01    0.00000e+00

           Step           Time
        3050000     6100.00000

   Energies (kJ/mol)
           Bond            U-B    Proper Dih.  Improper Dih.      CMAP Dih.
    6.63770e+03    1.73822e+04    1.96351e+04    1.06047e+03   -7.83792e+02
          LJ-14     Coulomb-14        LJ (SR)  Disper. corr.   Coulomb (SR)
    5.61896e+03    1.10838e+05    2.49688e+05   -2.34159e+04   -2.83046e+06
   Coul. recip.      Potential    Kinetic En.   Total Energy  Conserved En.
    1.54413e+04   -2.42836e+06    4.34351e+05   -1.99401e+06   -1.85220e+06
    Temperature Pres. DC (bar) Pressure (bar)   Constr. rmsd
    2.99213e+02   -2.30485e+02    1.81547e+00    0.00000e+00

           Step           Time
        3075000     6150.00000

   Energies (kJ/mol)
           Bond            U-B    Proper Dih.  Improper Dih.      CMAP Dih.
    6.32111e+03    1.73885e+04    1.98911e+04    9.81044e+02   -8.03489e+02
          LJ-14     Coulomb-14        LJ (SR)  Disper. corr.   Coulomb (SR)
    5.72878e+03    1.11152e+05    2.47886e+05   -2.34143e+04   -2.82896e+06
   Coul. recip.      Potential    Kinetic En.   Total Energy  Conserved En.
    1.51850e+04   -2.42864e+06    4.35794e+05   -1.99285e+06   -1.85103e+06
    Temperature Pres. DC (bar) Pressure (bar)   Constr. rmsd
    3.00207e+02   -2.30454e+02   -3.40687e+01    0.00000e+00

           Step           Time
        3100000     6200.00000

   Energies (kJ/mol)
           Bond            U-B    Proper Dih.  Improper Dih.      CMAP Dih.
    6.24761e+03    1.70738e+04    1.98244e+04    1.01050e+03   -6.80239e+02
          LJ-14     Coulomb-14        LJ (SR)  Disper. corr.   Coulomb (SR)
    5.70945e+03    1.11211e+05    2.48397e+05   -2.35230e+04   -2.82852e+06
   Coul. recip.      Potential    Kinetic En.   Total Energy  Conserved En.
    1.52999e+04   -2.42795e+06    4.33368e+05   -1.99458e+06   -1.84989e+06
    Temperature Pres. DC (bar) Pressure (bar)   Constr. rmsd
    2.98536e+02   -2.32596e+02    4.73326e+01    0.00000e+00

           Step           Time
        3125000     6250.00000

   Energies (kJ/mol)
           Bond            U-B    Proper Dih.  Improper Dih.      CMAP Dih.
    6.38483e+03    1.74240e+04    2.00194e+04    9.55381e+02   -8.63584e+02
          LJ-14     Coulomb-14        LJ (SR)  Disper. corr.   Coulomb (SR)
    5.64882e+03    1.10926e+05    2.45123e+05   -2.34863e+04   -2.82555e+06
   Coul. recip.      Potential    Kinetic En.   Total Energy  Conserved En.
    1.52672e+04   -2.42815e+06    4.35364e+05   -1.99279e+06   -1.84896e+06
    Temperature Pres. DC (bar) Pressure (bar)   Constr. rmsd
    2.99912e+02   -2.31872e+02   -8.41146e+01    0.00000e+00



Received the INT signal, stopping within 100 steps

           Step           Time
        3135500     6271.00000

Writing checkpoint, step 3135500 at Mon Jul 14 15:07:18 2025


   Energies (kJ/mol)
           Bond            U-B    Proper Dih.  Improper Dih.      CMAP Dih.
    6.09696e+03    1.73986e+04    1.98412e+04    1.02249e+03   -9.22294e+02
          LJ-14     Coulomb-14        LJ (SR)  Disper. corr.   Coulomb (SR)
    5.68201e+03    1.11273e+05    2.49353e+05   -2.34135e+04   -2.82958e+06
   Coul. recip.      Potential    Kinetic En.   Total Energy  Conserved En.
    1.51450e+04   -2.42810e+06    4.36962e+05   -1.99114e+06   -1.84838e+06
    Temperature Pres. DC (bar) Pressure (bar)   Constr. rmsd
    3.01012e+02   -2.30438e+02    8.96183e+00    0.00000e+00


Energy conservation over simulation part #1 of length 6271 ps, time 0 to 6271 ps
  Conserved energy drift: 1.33e-04 kJ/mol/ps per atom


	<======  ###############  ==>
	<====  A V E R A G E S  ====>
	<==  ###############  ======>

	Statistics over 3135501 steps using 31356 frames

   Energies (kJ/mol)
           Bond            U-B    Proper Dih.  Improper Dih.      CMAP Dih.
    6.33712e+03    1.73937e+04    1.98542e+04    1.00812e+03   -7.75406e+02
          LJ-14     Coulomb-14        LJ (SR)  Disper. corr.   Coulomb (SR)
    5.71555e+03    1.11410e+05    2.48103e+05   -2.34521e+04   -2.82895e+06
   Coul. recip.      Potential    Kinetic En.   Total Energy  Conserved En.
    1.52145e+04   -2.42815e+06    4.35498e+05   -1.99265e+06   -1.92242e+06
    Temperature Pres. DC (bar) Pressure (bar)   Constr. rmsd
    3.00004e+02   -2.31200e+02    1.07154e+00    0.00000e+00

          Box-X          Box-Y          Box-Z
    1.19029e+01    1.19029e+01    1.19029e+01

   Total Virial (kJ/mol)
    1.45131e+05    4.61756e+01   -1.90229e+01
    4.61755e+01    1.45093e+05   -1.06417e+01
   -1.90190e+01   -1.06377e+01    1.45124e+05

   Pressure (bar)
    9.71574e-01   -1.74244e-01    1.39800e-01
   -1.74242e-01    9.14337e-01    4.04391e-01
    1.39722e-01    4.04313e-01    1.32872e+00

      T-Protein  T-non-Protein
    3.00082e+02    2.99999e+02


	M E G A - F L O P S   A C C O U N T I N G

 NB=Group-cutoff nonbonded kernels    NxN=N-by-N cluster Verlet kernels
 RF=Reaction-Field  VdW=Van der Waals  QSTab=quadratic-spline table
 W3=SPC/TIP3p  W4=TIP4p (single or pairs)
 V&F=Potential and force  V=Potential only  F=Force only

 Computing:                               M-Number         M-Flops  % Flops
-----------------------------------------------------------------------------
 Pair Search distance check          545655.459232     4910899.133     0.0
 NxN Ewald Elec. + LJ [F]         547928180.002368 36163259880.156    98.3
 NxN Ewald Elec. + LJ [V&F]         5534804.182400   592224047.517     1.6
 1,4 nonbonded interactions           63550.334268     5719530.084     0.0
 Shift-X                               5408.408304       32450.450     0.0
 Bonds                                12504.377988      737758.301     0.0
 Propers                              63136.448136    14458246.623     0.0
 Impropers                             3787.685208      787838.523     0.0
 Virial                               10819.466119      194750.390     0.0
 Stop-CM                               5408.408304       54084.083     0.0
 Calc-Ekin                           108165.061368     2920456.657     0.0
 CMAP                                  1567.750500     2665175.850     0.0
 Urey-Bradley                         44072.602056     8065286.176     0.0
-----------------------------------------------------------------------------
 Total                                             36796030403.944   100.0
-----------------------------------------------------------------------------


      R E A L   C Y C L E   A N D   T I M E   A C C O U N T I N G

On 1 MPI rank, each using 24 OpenMP threads

 Activity:              Num   Num      Call    Wall time         Giga-Cycles
                        Ranks Threads  Count      (s)         total sum    %
--------------------------------------------------------------------------------
 Neighbor search           1   24      31356     440.124      22308.643   4.6
 Launch PP GPU ops.        1   24    6239646     221.026      11203.213   2.3
 Force                     1   24    3135501    4990.074     252932.961  52.4
 PME GPU mesh              1   24    3135501     149.947       7600.390   1.6
 Wait Bonded GPU           1   24      31356       3.216        163.018   0.0
 Wait GPU NB local         1   24    3135501      64.526       3270.636   0.7
 Wait GPU state copy       1   24    6992168    2722.913     138016.859  28.6
 NB X/F buffer ops.        1   24      62711      51.047       2587.440   0.5
 Write traj.               1   24        137       1.593         80.723   0.0
 GPU constr. setup         1   24          1       0.002          0.110   0.0
 Kinetic energy            1   24     627101     745.120      37768.075   7.8
 Rest                                            141.563       7175.455   1.5
--------------------------------------------------------------------------------
 Total                                          9531.151     483107.524 100.0
--------------------------------------------------------------------------------
 Breakdown of PME mesh activities
--------------------------------------------------------------------------------
 Wait PME GPU gather       1   24    3135501      15.020        761.313   0.2
 Reduce GPU PME F          1   24    3135501      39.880       2021.415   0.4
 Launch PME GPU ops.       1   24   28219509      89.934       4558.492   0.9
--------------------------------------------------------------------------------

               Core t (s)   Wall t (s)        (%)
       Time:   228747.505     9531.151     2400.0
                         2h38:51
                 (ns/day)    (hour/ns)
Performance:       56.847        0.422
Finished mdrun on rank 0 Mon Jul 14 15:07:18 2025

