,Prediction ΔΔGStability,Sum ΔΔGStability,Consequence
Prediction ΔΔGStability,1.0,0.29000541083929987,0.06850034944857397
Sum ΔΔGStability,0.29000541083929987,1.0,0.02339541354478654
Consequence,0.06850034944857397,0.02339541354478654,1.0
